business_name,address,category_slug,suburb_slug,contact_email,phone,website,source_url,source_checked_on,verification_status,notes
BP,,fuel,darebin,,,https://map.bp.com/en-AU/AU/gas-station/bundoora/bp-bundoora/7352,https://www.openstreetmap.org/node/310010506,2026-07-15,pending_review,Imported from OpenStreetMap.
McDonald's,"19 Murray Road, Preston VIC 3072",fast-food,preston,,,https://www.mcdonalds.com.au/,https://www.openstreetmap.org/node/310943260,2026-07-15,pending_review,Imported from OpenStreetMap.
Hertz,,car-rental,darebin,,,,https://www.openstreetmap.org/node/324139046,2026-07-15,pending_review,Imported from OpenStreetMap.
Psarakos Market,,supermarket,darebin,,,,https://www.openstreetmap.org/node/328419988,2026-07-15,pending_review,Imported from OpenStreetMap.
Grandview Hotel,429 Heidelberg Road,pub,darebin,,,https://grandviewhotelfairfield.com/,https://www.openstreetmap.org/node/479827041,2026-07-15,pending_review,Imported from OpenStreetMap.
Pulse Pharmacy,,pharmacy,darebin,,,https://pulsepharmacy.com.au/,https://www.openstreetmap.org/node/492085531,2026-07-15,pending_review,Imported from OpenStreetMap.
Chemist Warehouse,,pharmacy,darebin,,,https://www.chemistwarehouse.com.au/,https://www.openstreetmap.org/node/492085532,2026-07-15,pending_review,Imported from OpenStreetMap.
Complete Care Medical Centre,,doctors,darebin,,,,https://www.openstreetmap.org/node/567833498,2026-07-15,pending_review,Imported from OpenStreetMap.
Northcote Lawyers & Associates,,lawyer,darebin,,+61 3 9486 1661,https://northcotelawyers.com.au/,https://www.openstreetmap.org/node/606291503,2026-07-15,pending_review,Imported from OpenStreetMap.
PMP Motors,"388 St Georges Road, Thornbury VIC 3071",car-repair,thornbury,,+61 3 9484 2112,,https://www.openstreetmap.org/node/606294312,2026-07-15,pending_review,Imported from OpenStreetMap.
Cellarbrations,,alcohol,darebin,,,,https://www.openstreetmap.org/node/606295371,2026-07-15,pending_review,Imported from OpenStreetMap.
Coles,25 Separation Street,supermarket,darebin,,,https://www.coles.com.au/find-stores/coles/vic/northcote-7784,https://www.openstreetmap.org/node/669188509,2026-07-15,pending_review,Imported from OpenStreetMap.
ALDI,,supermarket,darebin,,,https://store.aldi.com.au/vic/northcote/cnr-high-street-seperation-street,https://www.openstreetmap.org/node/669188593,2026-07-15,pending_review,Imported from OpenStreetMap.
The Cheesecake Shop,"389 St Georges Road, VIC 3071",pastry,darebin,,+61 3 9484 5577,https://www.cheesecake.com.au/find-bakery/thornbury,https://www.openstreetmap.org/node/678978457,2026-07-15,pending_review,Imported from OpenStreetMap.
Hoyts,,cinema,darebin,,,https://www.hoyts.com.au/,https://www.openstreetmap.org/node/773539537,2026-07-15,pending_review,Imported from OpenStreetMap.
Newsplaza,,newsagent,darebin,,,,https://www.openstreetmap.org/node/939020739,2026-07-15,pending_review,Imported from OpenStreetMap.
Launder It,,cafe,darebin,,,,https://www.openstreetmap.org/node/945554121,2026-07-15,pending_review,Imported from OpenStreetMap.
Darebin Community Health,,clinic,darebin,,+61 3 9403 1200,,https://www.openstreetmap.org/node/1034785522,2026-07-15,pending_review,Imported from OpenStreetMap.
Northcote Medical,1-2 Robbs Parade,doctors,darebin,,+61 3 9489 6472,,https://www.openstreetmap.org/node/1068765088,2026-07-15,pending_review,Imported from OpenStreetMap.
Croxton Medical Centre,4 Robbs Parade,doctors,darebin,,,,https://www.openstreetmap.org/node/1068765356,2026-07-15,pending_review,Imported from OpenStreetMap.
KFC,,fast-food,darebin,,,https://www.kfc.com.au/,https://www.openstreetmap.org/node/1252166003,2026-07-15,pending_review,Imported from OpenStreetMap.
McDonald's,,fast-food,darebin,,,https://www.mcdonalds.com.au/,https://www.openstreetmap.org/node/1252166004,2026-07-15,pending_review,Imported from OpenStreetMap.
Wash 'N' Glow,97-99 Raglan Street,car-wash,darebin,,,,https://www.openstreetmap.org/node/1422631889,2026-07-15,pending_review,Imported from OpenStreetMap.
Subway,,fast-food,darebin,,,,https://www.openstreetmap.org/node/1422691689,2026-07-15,pending_review,Imported from OpenStreetMap.
Thirsty Camel,429 Heidelberg Road,alcohol,darebin,,+61 3 9489 8061,https://www.thirstycamel.com.au/stores/grandview-hotel,https://www.openstreetmap.org/node/1422692667,2026-07-15,pending_review,Imported from OpenStreetMap.
Spit Jack,58A Victoria Road,cafe,darebin,,+61 3 9021 8864,https://spitjack.com.au/,https://www.openstreetmap.org/node/1423097380,2026-07-15,pending_review,Imported from OpenStreetMap.
Kaféz,,cafe,darebin,,,,https://www.openstreetmap.org/node/1423146744,2026-07-15,pending_review,Imported from OpenStreetMap.
Bakers Delight,,bakery,darebin,,,,https://www.openstreetmap.org/node/1425742646,2026-07-15,pending_review,Imported from OpenStreetMap.
CTA Salon,,hairdresser,darebin,,,,https://www.openstreetmap.org/node/1425742651,2026-07-15,pending_review,Imported from OpenStreetMap.
Fresh and Best,,bakery,darebin,,,,https://www.openstreetmap.org/node/1425742670,2026-07-15,pending_review,Imported from OpenStreetMap.
Northcote Caffe Espresso,,cafe,darebin,,,,https://www.openstreetmap.org/node/1425742673,2026-07-15,pending_review,Imported from OpenStreetMap.
Donut King,,fast-food,darebin,,,https://www.donutking.com.au/,https://www.openstreetmap.org/node/1425742677,2026-07-15,pending_review,Imported from OpenStreetMap.
Romatino Quality Meat,,butcher,darebin,,,,https://www.openstreetmap.org/node/1425742682,2026-07-15,pending_review,Imported from OpenStreetMap.
Best Baked,,bakery,darebin,,,,https://www.openstreetmap.org/node/1425742684,2026-07-15,pending_review,Imported from OpenStreetMap.
Fergerson Plarre,,cafe,darebin,,,https://www.fergusonplarre.com.au/,https://www.openstreetmap.org/node/1425742685,2026-07-15,pending_review,Imported from OpenStreetMap.
Keep It Fresh,,greengrocer,darebin,,,,https://www.openstreetmap.org/node/1425742686,2026-07-15,pending_review,Imported from OpenStreetMap.
Turn the Corner Medical Clinic,"409 High Street, VIC 3070",clinic,darebin,,,https://www.turnthecorner.com.au/,https://www.openstreetmap.org/node/1426026595,2026-07-15,pending_review,Imported from OpenStreetMap.
South Crescent Cafe,,cafe,darebin,,,https://www.southcrescentcafe.com,https://www.openstreetmap.org/node/1427015788,2026-07-15,pending_review,Imported from OpenStreetMap.
Northcote Nursery,,garden-centre,darebin,,,,https://www.openstreetmap.org/node/1427083047,2026-07-15,pending_review,Imported from OpenStreetMap.
Doctors of Northcote,295 High Street,doctors,darebin,,+61 3 9481 1214,https://www.doctorsofnorthcote.com/,https://www.openstreetmap.org/node/1427083053,2026-07-15,pending_review,Imported from OpenStreetMap.
Victoria Road Laundrette,"66 Victoria Road, Northcote VIC 3070",laundry,northcote,,+61 3 9481 4539,,https://www.openstreetmap.org/node/1427083058,2026-07-15,pending_review,Imported from OpenStreetMap.
Rocchi's Pharmacy,"293 High Street, Northcote VIC 3070",pharmacy,northcote,,,https://www.healthdirect.gov.au/australian-health-services/healthcare-service/northcote-3070-vic/rocchi-s-pharmacy/pharmacy/fb2c6afe-ef49-733d-5775-9e29854f3951,https://www.openstreetmap.org/node/1427083062,2026-07-15,pending_review,Imported from OpenStreetMap.
Victoria Road Medical Centre,68 Victoria Road,doctors,darebin,,+61 3 9489 5504,,https://www.openstreetmap.org/node/1427083070,2026-07-15,pending_review,Imported from OpenStreetMap.
Recycled Delightful,"69 High Street, Northcote VIC 3070",art,northcote,,,,https://www.openstreetmap.org/node/1427083075,2026-07-15,pending_review,Imported from OpenStreetMap.
7-Eleven,,fuel,darebin,,,https://www.7eleven.com.au/,https://www.openstreetmap.org/node/1427102337,2026-07-15,pending_review,Imported from OpenStreetMap.
Four Beans,22 High Street,cafe,darebin,,+61 3 9482 2875,https://fourbeanscafe.com/,https://www.openstreetmap.org/node/1435070794,2026-07-15,pending_review,Imported from OpenStreetMap.
North Reservoir Medical Centre,"37 Massey Avenue, Reservoir VIC 3073",clinic,reservoir,,+61 3 9460 7780,,https://www.openstreetmap.org/node/1455647290,2026-07-15,pending_review,Imported from OpenStreetMap.
Milk Bar,"33 Massey Avenue, Reservoir VIC 3073",convenience,reservoir,,,,https://www.openstreetmap.org/node/1455649561,2026-07-15,pending_review,Imported from OpenStreetMap.
Massey Avenue Fish & Chips and Pizza,"29 Massey Avenue, Reservoir VIC 3073",fast-food,reservoir,,+61 3 9460 6000,,https://www.openstreetmap.org/node/1455649562,2026-07-15,pending_review,Imported from OpenStreetMap.
Bakery & Cafe,"25 Massey Avenue, Reservoir VIC 3073",cafe,reservoir,,+61 3 9469 4335,,https://www.openstreetmap.org/node/1455649563,2026-07-15,pending_review,Imported from OpenStreetMap.
Reservoir North Mower Repairs,"31 Massey Avenue, Reservoir VIC 3073",doityourself,reservoir,,+61 3 9460 3526,,https://www.openstreetmap.org/node/1455649564,2026-07-15,pending_review,Imported from OpenStreetMap.
Poultry Line,"27 Massey Avenue, Reservoir VIC 3073",butcher,reservoir,,+61 3 9462 6789,,https://www.openstreetmap.org/node/1455649565,2026-07-15,pending_review,Imported from OpenStreetMap.
Deli & Liquor Outlet,,alcohol,darebin,,,,https://www.openstreetmap.org/node/1455654823,2026-07-15,pending_review,Imported from OpenStreetMap.
Unique Hair Design,,hairdresser,darebin,,,,https://www.openstreetmap.org/node/1455654824,2026-07-15,pending_review,Imported from OpenStreetMap.
Joseph Amerena Pharmacy,,pharmacy,darebin,,,,https://www.openstreetmap.org/node/1455654825,2026-07-15,pending_review,Imported from OpenStreetMap.
Foodworks,,supermarket,darebin,,,,https://www.openstreetmap.org/node/1666781009,2026-07-15,pending_review,Imported from OpenStreetMap.
Milk Bar Convenience Store,,convenience,darebin,,,,https://www.openstreetmap.org/node/1704832025,2026-07-15,pending_review,Imported from OpenStreetMap.
The Window Cnr Cafe,3 Mendip Road,cafe,darebin,,+61 3 9478 7251,https://www.facebook.com/TheWindowCnrCafe,https://www.openstreetmap.org/node/1704835587,2026-07-15,pending_review,Imported from OpenStreetMap.
Yuni's Kitchen,"251 High Street, VIC 3070",restaurant,darebin,,+61 455 337 666,https://www.yuniskitchen.com.au/,https://www.openstreetmap.org/node/1725251798,2026-07-15,pending_review,Imported from OpenStreetMap.
The Old Milkbar,144 Dundas Street,cafe,darebin,,+61 3 9043 6227,https://theoldmilkbar.com.au/,https://www.openstreetmap.org/node/1731762753,2026-07-15,pending_review,Imported from OpenStreetMap.
Northcote Social Club,"301 High Street, Northcote VIC 3070",nightclub,northcote,,+61 3 9489 3917,https://northcotesocialclub.com/,https://www.openstreetmap.org/node/1787860634,2026-07-15,pending_review,Imported from OpenStreetMap.
Red Door Corner Store Cafe,70 Mitchell Street,cafe,darebin,,+61 3 9489 8040,https://www.reddoorcornerstore.com.au,https://www.openstreetmap.org/node/1865193916,2026-07-15,pending_review,Imported from OpenStreetMap.
Koutsis Pharmacy,"925 High Street, Thornbury VIC 3071",pharmacy,thornbury,,,,https://www.openstreetmap.org/node/1959962973,2026-07-15,pending_review,Imported from OpenStreetMap.
Dundas Street Family Medical Practice,4 Dundas Street,doctors,darebin,,+61 3 9484 2007,,https://www.openstreetmap.org/node/1959963602,2026-07-15,pending_review,Imported from OpenStreetMap.
Junction Hotel,1 Plenty Road,pub,darebin,,,https://www.junctionhotel.net.au,https://www.openstreetmap.org/node/1959978856,2026-07-15,pending_review,Imported from OpenStreetMap.
Inthanon Thai,182 High Street,restaurant,darebin,,+61 3 9489 4970,,https://www.openstreetmap.org/node/2118855993,2026-07-15,pending_review,Imported from OpenStreetMap.
Helluva,178 High Street,hairdresser,darebin,,+61 3 9486 6603,https://helluva.com.au/,https://www.openstreetmap.org/node/2118858999,2026-07-15,pending_review,Imported from OpenStreetMap.
Raqwa Cafe and Beer Garden,224 Plenty Road,cafe,darebin,,,,https://www.openstreetmap.org/node/2131736596,2026-07-15,pending_review,Imported from OpenStreetMap.
Stolberg Beer Cafe,,pub,darebin,,,,https://www.openstreetmap.org/node/2131736622,2026-07-15,pending_review,Imported from OpenStreetMap.
Mag Wheel & Tyre,102 Chifley Drive,tyres,darebin,,,,https://www.openstreetmap.org/node/2131739222,2026-07-15,pending_review,Imported from OpenStreetMap.
Liberty,,fuel,darebin,,,,https://www.openstreetmap.org/node/2131757127,2026-07-15,pending_review,Imported from OpenStreetMap.
Belchif Snack Bar,,cafe,darebin,,+61 3 9484 2524,,https://www.openstreetmap.org/node/2131763847,2026-07-15,pending_review,Imported from OpenStreetMap.
Supercheap Auto,,car-parts,darebin,,,https://www.supercheapauto.com.au/,https://www.openstreetmap.org/node/2131763900,2026-07-15,pending_review,Imported from OpenStreetMap.
Raglan Cafe,41 Raglan Street,cafe,darebin,,+61 3 9480 0130,,https://www.openstreetmap.org/node/2131769387,2026-07-15,pending_review,Imported from OpenStreetMap.
Albert Street Automotive,78 Albert Street,car-repair,darebin,,+61 3 9470 1052,,https://www.openstreetmap.org/node/2131784048,2026-07-15,pending_review,Imported from OpenStreetMap.
Drummond Golf,,golf,darebin,,,https://www.drummondgolf.com.au/,https://www.openstreetmap.org/node/2131819008,2026-07-15,pending_review,Imported from OpenStreetMap.
Metco,,fuel,darebin,,,,https://www.openstreetmap.org/node/2131827274,2026-07-15,pending_review,Imported from OpenStreetMap.
Fairfield Central Automotive,"155-157 Station Street, Fairfield VIC 3078",car-repair,fairfield,,,,https://www.openstreetmap.org/node/2131828609,2026-07-15,pending_review,Imported from OpenStreetMap.
Titan Self Storage,,storage-rental,darebin,,,,https://www.openstreetmap.org/node/2131836075,2026-07-15,pending_review,Imported from OpenStreetMap.
Autobarn,,car-parts,darebin,,+61 3 9470 3744,https://www.autobarn.com.au/,https://www.openstreetmap.org/node/2191861525,2026-07-15,pending_review,Imported from OpenStreetMap.
Hardware Cafe,,cafe,darebin,,,,https://www.openstreetmap.org/node/2191916901,2026-07-15,pending_review,Imported from OpenStreetMap.
Preston Cafeteria,,fast-food,darebin,,,,https://www.openstreetmap.org/node/2210833378,2026-07-15,pending_review,Imported from OpenStreetMap.
Woolworths Liqour,,alcohol,darebin,,,https://bws.com.au/,https://www.openstreetmap.org/node/2271619927,2026-07-15,pending_review,Imported from OpenStreetMap.
Best Turkish Bakery & Kebabs,348 High Street,fast-food,darebin,,+61 3 9486 3800,,https://www.openstreetmap.org/node/2365435363,2026-07-15,pending_review,Imported from OpenStreetMap.
Wild Yak Tibetan Restaurant,350 High Street,restaurant,darebin,,,https://www.wildyakrestaurant.com/,https://www.openstreetmap.org/node/2365435369,2026-07-15,pending_review,Imported from OpenStreetMap.
Brother Bon,377-379 High Street,restaurant,darebin,,+61 3 9077 1335,https://www.brotherbon.com.au/,https://www.openstreetmap.org/node/2365435372,2026-07-15,pending_review,Imported from OpenStreetMap.
Nam Nam,209 High Street,fast-food,darebin,,,,https://www.openstreetmap.org/node/2365435378,2026-07-15,pending_review,Imported from OpenStreetMap.
Westgarth Liquor,97 High Street,alcohol,darebin,,,,https://www.openstreetmap.org/node/2365435381,2026-07-15,pending_review,Imported from OpenStreetMap.
IGA,"284-288 High Street, VIC 3070",supermarket,darebin,,,https://www.iga.com.au/,https://www.openstreetmap.org/node/2365435390,2026-07-15,pending_review,Imported from OpenStreetMap.
Lambs,305 High Street,restaurant,darebin,,,,https://www.openstreetmap.org/node/2365435396,2026-07-15,pending_review,Imported from OpenStreetMap.
Preston Pho,"471 High Street, Preston VIC 3072",restaurant,preston,,,,https://www.openstreetmap.org/node/2406631387,2026-07-15,pending_review,Imported from OpenStreetMap.
LevelTwo,,nightclub,darebin,,,,https://www.openstreetmap.org/node/2412963893,2026-07-15,pending_review,Imported from OpenStreetMap.
Wesley Anne,"250 High Street, Northcote VIC 3070",pub,northcote,,,https://wesleyanne.com.au/,https://www.openstreetmap.org/node/2422476525,2026-07-15,pending_review,Imported from OpenStreetMap.
Zagame's Bottle Shop,,alcohol,darebin,,,https://zagames.com.au/,https://www.openstreetmap.org/node/2477811429,2026-07-15,pending_review,Imported from OpenStreetMap.
Zagame's,,restaurant,darebin,,,https://zagames.com.au/,https://www.openstreetmap.org/node/2477811430,2026-07-15,pending_review,Imported from OpenStreetMap.
Westgarth Convenience,,convenience,darebin,,,,https://www.openstreetmap.org/node/2599122483,2026-07-15,pending_review,Imported from OpenStreetMap.
Welcome Mart,,convenience,darebin,,,,https://www.openstreetmap.org/node/2599123191,2026-07-15,pending_review,Imported from OpenStreetMap.
Best Friends,,pet,darebin,,,https://www.bestfriendspets.com.au/,https://www.openstreetmap.org/node/2599142244,2026-07-15,pending_review,Imported from OpenStreetMap.
Carpet Call Floor Centre,,carpet,darebin,,,https://www.carpetcall.com.au/,https://www.openstreetmap.org/node/2599156888,2026-07-15,pending_review,Imported from OpenStreetMap.
Our Vet,,veterinary,darebin,,,,https://www.openstreetmap.org/node/2599158119,2026-07-15,pending_review,Imported from OpenStreetMap.
VAEAI Naamalata,,clinic,darebin,,,,https://www.openstreetmap.org/node/2622996145,2026-07-15,pending_review,Imported from OpenStreetMap.
Con's Fish & Chips,,fast-food,darebin,,,,https://www.openstreetmap.org/node/2623007562,2026-07-15,pending_review,Imported from OpenStreetMap.
Friendly Supermarket,,convenience,darebin,,,,https://www.openstreetmap.org/node/2623008561,2026-07-15,pending_review,Imported from OpenStreetMap.
Caremore Pharmacy,,pharmacy,darebin,,,,https://www.openstreetmap.org/node/2623008994,2026-07-15,pending_review,Imported from OpenStreetMap.
Mottainai Cycles,148 Arthurton Road,bicycle,darebin,,,https://vintagebikesmelbourne.wordpress.com/,https://www.openstreetmap.org/node/2684468142,2026-07-15,pending_review,Imported from OpenStreetMap.
Off the boat Pizzaria,,restaurant,darebin,,,,https://www.openstreetmap.org/node/2689678947,2026-07-15,pending_review,Imported from OpenStreetMap.
Marn Bo Take Away,,fast-food,darebin,,,,https://www.openstreetmap.org/node/2689678952,2026-07-15,pending_review,Imported from OpenStreetMap.
Misty's 1950's Diner,,fast-food,darebin,,,,https://www.openstreetmap.org/node/2689678954,2026-07-15,pending_review,Imported from OpenStreetMap.
7-Eleven,,convenience,darebin,,,https://www.7eleven.com.au/,https://www.openstreetmap.org/node/2689678966,2026-07-15,pending_review,Imported from OpenStreetMap.
IMA Café,,cafe,darebin,,,,https://www.openstreetmap.org/node/2726372663,2026-07-15,pending_review,Imported from OpenStreetMap.
Ruthven Fish n Chips and Milk Bar,,convenience,darebin,,,,https://www.openstreetmap.org/node/2734031515,2026-07-15,pending_review,Imported from OpenStreetMap.
Edwards Street Family Clinic,,doctors,darebin,,,,https://www.openstreetmap.org/node/2735692787,2026-07-15,pending_review,Imported from OpenStreetMap.
Pizza Hut,317 Spring Street,restaurant,darebin,,,https://www.pizzahut.com.au/,https://www.openstreetmap.org/node/2735692789,2026-07-15,pending_review,Imported from OpenStreetMap.
The Bottle-o,,alcohol,darebin,,,,https://www.openstreetmap.org/node/2735692794,2026-07-15,pending_review,Imported from OpenStreetMap.
Tran Bakery,,bakery,darebin,,,,https://www.openstreetmap.org/node/2735692795,2026-07-15,pending_review,Imported from OpenStreetMap.
Woolworths,,supermarket,darebin,,,https://www.woolworths.com.au/,https://www.openstreetmap.org/node/2866280635,2026-07-15,pending_review,Imported from OpenStreetMap.
Boundary Espresso,107 Plenty Road,cafe,darebin,,+61 3 9484 0260,https://boundaryespresso.tumblr.com/,https://www.openstreetmap.org/node/2887172101,2026-07-15,pending_review,Imported from OpenStreetMap.
Paradise Indian Restaurant,"50 High Street, Preston VIC 3072",restaurant,preston,,+61 3 9484 5959,https://www.paradiserestaurant.com.au/,https://www.openstreetmap.org/node/2887172102,2026-07-15,pending_review,Imported from OpenStreetMap.
Joanie's Baretto,"832a High Street, Thornbury VIC 3071",bar,thornbury,,,,https://www.openstreetmap.org/node/2890078394,2026-07-15,pending_review,Imported from OpenStreetMap.
Grain express,,restaurant,darebin,,,,https://www.openstreetmap.org/node/2894825201,2026-07-15,pending_review,Imported from OpenStreetMap.
United,,gas,darebin,,,,https://www.openstreetmap.org/node/2903147201,2026-07-15,pending_review,Imported from OpenStreetMap.
Gioco,"26 Gertz Avenue, Reservoir VIC 3073",ice-cream,reservoir,,,,https://www.openstreetmap.org/node/2905129304,2026-07-15,pending_review,Imported from OpenStreetMap.
Continental Groceries,"53 Banff Street, Reservoir VIC 3073",convenience,reservoir,,,,https://www.openstreetmap.org/node/2917037723,2026-07-15,pending_review,Imported from OpenStreetMap.
Everest Cafe,,cafe,darebin,,,,https://www.openstreetmap.org/node/2933009008,2026-07-15,pending_review,Imported from OpenStreetMap.
Pizza Man On High,694 High Street,fast-food,darebin,,,,https://www.openstreetmap.org/node/2941442605,2026-07-15,pending_review,Imported from OpenStreetMap.
Chinese Shipping,424 High Street,yes,darebin,,,,https://www.openstreetmap.org/node/2941686988,2026-07-15,pending_review,Imported from OpenStreetMap.
Spot On Dry Cleaner,395 High Street,dry-cleaning,darebin,,+61 3 9470 2664,,https://www.openstreetmap.org/node/2941686999,2026-07-15,pending_review,Imported from OpenStreetMap.
Fried Hustle,346 High Street,fast-food,darebin,,,https://www.friedhustle.com.au/,https://www.openstreetmap.org/node/2941771696,2026-07-15,pending_review,Imported from OpenStreetMap.
Melbourne Power Tools & Repairs,268-272 High Street,hardware,darebin,,,https://mptr.com.au/,https://www.openstreetmap.org/node/2941772406,2026-07-15,pending_review,Imported from OpenStreetMap.
Zagreb Croatian Bookshop,309 High Street,books,darebin,,,https://www.zagrebcroatianbookshop.com.au/,https://www.openstreetmap.org/node/2941772409,2026-07-15,pending_review,Imported from OpenStreetMap.
Doll Box,"93-103 High Street, Preston VIC 3072",hairdresser,preston,,+61 3 8414 5700,,https://www.openstreetmap.org/node/2941772438,2026-07-15,pending_review,Imported from OpenStreetMap.
lui.boss,1 Cook Street,restaurant,darebin,,+61 3 8589 9650,,https://www.openstreetmap.org/node/2945204671,2026-07-15,pending_review,Imported from OpenStreetMap.
Confectioner's Favourites,"3 The Strand, Preston VIC 3072",confectionery,preston,,,,https://www.openstreetmap.org/node/2945204677,2026-07-15,pending_review,Imported from OpenStreetMap.
Athina's Deli,"28 The Centerway, Preston VIC 3072",deli,preston,,,,https://www.openstreetmap.org/node/2945204679,2026-07-15,pending_review,Imported from OpenStreetMap.
Discount Nuts Sweets Beans & Spices,23 Mary Street,convenience,darebin,,+61 3 9470 3098,,https://www.openstreetmap.org/node/2945204682,2026-07-15,pending_review,Imported from OpenStreetMap.
Preston Market Health Foods,"237 Earle Street, Preston VIC 3072",health-food,preston,,,,https://www.openstreetmap.org/node/2945204683,2026-07-15,pending_review,Imported from OpenStreetMap.
Preston Exchange,300 Wood Street,telecommunication,darebin,,,,https://www.openstreetmap.org/node/2945211448,2026-07-15,pending_review,Imported from OpenStreetMap.
The D'Souzas Indian Groceries,8 The Strand,convenience,darebin,,+61 413 380 476,,https://www.openstreetmap.org/node/2959454014,2026-07-15,pending_review,Imported from OpenStreetMap.
New Lin Harvest,6 The Strand,convenience,darebin,,,,https://www.openstreetmap.org/node/2959454015,2026-07-15,pending_review,Imported from OpenStreetMap.
Eat@Menzies,,cafe,darebin,,,,https://www.openstreetmap.org/node/3003930226,2026-07-15,pending_review,Imported from OpenStreetMap.
Menzies,,theatre,darebin,,,,https://www.openstreetmap.org/node/3003930232,2026-07-15,pending_review,Imported from OpenStreetMap.
Cafe Moat,,cafe,darebin,,,,https://www.openstreetmap.org/node/3003930236,2026-07-15,pending_review,Imported from OpenStreetMap.
Charlie's,,cafe,darebin,,,,https://www.openstreetmap.org/node/3019271335,2026-07-15,pending_review,Imported from OpenStreetMap.
Caffeine,,cafe,darebin,,,,https://www.openstreetmap.org/node/3019271336,2026-07-15,pending_review,Imported from OpenStreetMap.
Writer's Block,,cafe,darebin,,,,https://www.openstreetmap.org/node/3019313433,2026-07-15,pending_review,Imported from OpenStreetMap.
Schnitz,,fast-food,darebin,,,https://www.Schnitz.com.au,https://www.openstreetmap.org/node/3066672533,2026-07-15,pending_review,Imported from OpenStreetMap.
Mesob,213 High Street,restaurant,darebin,,,https://www.mesob.com.au/,https://www.openstreetmap.org/node/3088929512,2026-07-15,pending_review,Imported from OpenStreetMap.
TAB,"280 High Street, Northcote VIC 3070",bookmaker,northcote,,,,https://www.openstreetmap.org/node/3088974109,2026-07-15,pending_review,Imported from OpenStreetMap.
Select 7,"502 Plenty Road, Preston VIC 3072",convenience,preston,,+61 3 9470 2280,,https://www.openstreetmap.org/node/3093849611,2026-07-15,pending_review,Imported from OpenStreetMap.
Nelly's Ark,,pet,darebin,,,,https://www.openstreetmap.org/node/3106352729,2026-07-15,pending_review,Imported from OpenStreetMap.
EB Games,,video-games,darebin,,,https://ebgames.com.au,https://www.openstreetmap.org/node/3106352929,2026-07-15,pending_review,Imported from OpenStreetMap.
The Black Mark,"57 High Street, VIC 3070",tattoo,darebin,,,https://www.theblackmark.com.au/,https://www.openstreetmap.org/node/3148629929,2026-07-15,pending_review,Imported from OpenStreetMap.
Barry Plant Bundoora,1177 Plenty Road,estate-agent,darebin,,+61 3 9467 5444,https://www.barryplant.com.au/bundoora/,https://www.openstreetmap.org/node/3233746160,2026-07-15,pending_review,Imported from OpenStreetMap.
Nutrition Warehouse,1171 Plenty Road,nutrition-supplements,darebin,,,https://www.nutritionwarehouse.com.au/pages/bundoora-vitamins-and-supplements,https://www.openstreetmap.org/node/3233746561,2026-07-15,pending_review,Imported from OpenStreetMap.
Bang Bang,337 High Street,restaurant,darebin,,,,https://www.openstreetmap.org/node/3240846569,2026-07-15,pending_review,Imported from OpenStreetMap.
Abdul's Halal Takeaway,"22 Elizabeth Street, Coburg VIC 3058",restaurant,coburg,,,,https://www.openstreetmap.org/node/3315891166,2026-07-15,pending_review,Imported from OpenStreetMap.
Hungry Jacks,,fast-food,darebin,,,https://www.hungryjacks.com.au/,https://www.openstreetmap.org/node/3316867890,2026-07-15,pending_review,Imported from OpenStreetMap.
Simply Gnocchi,399 High Street,restaurant,darebin,,,,https://www.openstreetmap.org/node/3335140065,2026-07-15,pending_review,Imported from OpenStreetMap.
Casa Nata,"846 High Street, Thornbury VIC 3071",pastry,thornbury,,+61 431 180 838,https://casanata.com.au/,https://www.openstreetmap.org/node/3376061062,2026-07-15,pending_review,Imported from OpenStreetMap.
Bar Lingo,"875 High Street, Thornbury VIC 3071",bar,thornbury,,,,https://www.openstreetmap.org/node/3376061070,2026-07-15,pending_review,Imported from OpenStreetMap.
Thornbury Laundry,"754 High Street, Thornbury VIC 3071",laundry,thornbury,,,,https://www.openstreetmap.org/node/3376061071,2026-07-15,pending_review,Imported from OpenStreetMap.
The Gentry Menswear,703 High Street,clothes,darebin,,,https://www.thegentrymenswear.com.au/,https://www.openstreetmap.org/node/3376061303,2026-07-15,pending_review,Imported from OpenStreetMap.
Mr Cao's Chinese Medicine Clinic,"675a High Street, Thornbury VIC 3071",doctors,thornbury,,+61 3 9484 5514,https://www.drcaochinesemedicine.com.au/,https://www.openstreetmap.org/node/3376061307,2026-07-15,pending_review,Imported from OpenStreetMap.
Melbourne Boutique Flowers,145 Bell Street,florist,darebin,,+61 3 9495 1649,,https://www.openstreetmap.org/node/3376273093,2026-07-15,pending_review,Imported from OpenStreetMap.
Pizza and Kebabs on Bell,,restaurant,darebin,,+61 3 9480 0384,,https://www.openstreetmap.org/node/3376273094,2026-07-15,pending_review,Imported from OpenStreetMap.
Cheesecake Shop,,deli,darebin,,,,https://www.openstreetmap.org/node/3387681615,2026-07-15,pending_review,Imported from OpenStreetMap.
Florist,,florist,darebin,,,,https://www.openstreetmap.org/node/3387681616,2026-07-15,pending_review,Imported from OpenStreetMap.
Kingsbury Fish Shop,,fast-food,darebin,,,,https://www.openstreetmap.org/node/3387681617,2026-07-15,pending_review,Imported from OpenStreetMap.
Sri Lankan,,restaurant,darebin,,,,https://www.openstreetmap.org/node/3387681618,2026-07-15,pending_review,Imported from OpenStreetMap.
Luke's Banh Mi,"417-419 High Street, Preston VIC 3072",restaurant,preston,,,https://www.lukesbanhmi.au/,https://www.openstreetmap.org/node/3398002795,2026-07-15,pending_review,Imported from OpenStreetMap.
Cash Converters,"459 High Street, Preston VIC 3072",pawnbroker,preston,,+61 3 9230 7310,https://www.cashconverters.com.au/store-locator/prestonvic,https://www.openstreetmap.org/node/3398002810,2026-07-15,pending_review,Imported from OpenStreetMap.
Kmart,,department-store,darebin,,,https://www.kmart.com.au/,https://www.openstreetmap.org/node/3398088891,2026-07-15,pending_review,Imported from OpenStreetMap.
Barry,85 High Street,cafe,darebin,,+61 3 9481 7623,https://www.barrycoffeeandfood.com/,https://www.openstreetmap.org/node/3399003680,2026-07-15,pending_review,Imported from OpenStreetMap.
Westgarth Fish & Chips,,fast-food,darebin,,,,https://www.openstreetmap.org/node/3399015288,2026-07-15,pending_review,Imported from OpenStreetMap.
Ms Dangz,378 High Street,restaurant,darebin,,,,https://www.openstreetmap.org/node/3399157759,2026-07-15,pending_review,Imported from OpenStreetMap.
Caffe Rustico,267 Gower Street,cafe,darebin,,,,https://www.openstreetmap.org/node/3399157765,2026-07-15,pending_review,Imported from OpenStreetMap.
United,,fuel,darebin,,,https://servicestations.unitedpetroleum.com.au/location/united-preston-south,https://www.openstreetmap.org/node/3420368183,2026-07-15,pending_review,Imported from OpenStreetMap.
Gloria Jean's,,cafe,darebin,,,,https://www.openstreetmap.org/node/3437078567,2026-07-15,pending_review,Imported from OpenStreetMap.
Green Valley Farms,,butcher,darebin,,,,https://www.openstreetmap.org/node/3437078569,2026-07-15,pending_review,Imported from OpenStreetMap.
Mimi's Dumpling Kitchen,,restaurant,darebin,,,,https://www.openstreetmap.org/node/3437078570,2026-07-15,pending_review,Imported from OpenStreetMap.
Myoshi Sushi,,restaurant,darebin,,,,https://www.openstreetmap.org/node/3437078571,2026-07-15,pending_review,Imported from OpenStreetMap.
Newsagent,,newsagent,darebin,,,,https://www.openstreetmap.org/node/3437078572,2026-07-15,pending_review,Imported from OpenStreetMap.
Pho 999,,restaurant,darebin,,,,https://www.openstreetmap.org/node/3437078573,2026-07-15,pending_review,Imported from OpenStreetMap.
Polaris Home and Gifts,42 - 44 Copernicus Crescent,gift,darebin,,,,https://www.openstreetmap.org/node/3437078575,2026-07-15,pending_review,Imported from OpenStreetMap.
Polaris Kebab House,,restaurant,darebin,,,,https://www.openstreetmap.org/node/3437078576,2026-07-15,pending_review,Imported from OpenStreetMap.
The Legend's Room,,hairdresser,darebin,,,,https://www.openstreetmap.org/node/3437078579,2026-07-15,pending_review,Imported from OpenStreetMap.
Vorea,,cafe,darebin,,,,https://www.openstreetmap.org/node/3437078580,2026-07-15,pending_review,Imported from OpenStreetMap.
Bar 61,"61 High Street, Northcote VIC 3070",bar,northcote,,,https://bar61.com.au/,https://www.openstreetmap.org/node/3450040896,2026-07-15,pending_review,Imported from OpenStreetMap.
Low Key,"59 High Street, VIC 3070",bar,darebin,,,https://lowkeybar.com.au/,https://www.openstreetmap.org/node/3450041096,2026-07-15,pending_review,Imported from OpenStreetMap.
Melbourne Mailing,160 Fulham Road,yes,darebin,,,,https://www.openstreetmap.org/node/3459059504,2026-07-15,pending_review,Imported from OpenStreetMap.
Super Tek Collision Repairs,357 Darebin Road,car-repair,darebin,,,,https://www.openstreetmap.org/node/3461280253,2026-07-15,pending_review,Imported from OpenStreetMap.
The Racoon Club,"145 Plenty Road, Preston VIC 3072",bar,preston,,,,https://www.openstreetmap.org/node/3467612383,2026-07-15,pending_review,Imported from OpenStreetMap.
Chew Burger,"147 Plenty Road, Preston VIC 3072",fast-food,preston,,+61 3 9484 4635,https://chewburger.com.au/,https://www.openstreetmap.org/node/3467612384,2026-07-15,pending_review,Imported from OpenStreetMap.
Carwyn Cellars,"877 High Street, Thornbury VIC 3071",bar,thornbury,,,,https://www.openstreetmap.org/node/3467612386,2026-07-15,pending_review,Imported from OpenStreetMap.
Dawn Press,"461 High Street, Northcote VIC 3070",yes,northcote,,,,https://www.openstreetmap.org/node/3481294127,2026-07-15,pending_review,Imported from OpenStreetMap.
Mini Koala Car Rental,361 Bell Street,car-rental,darebin,,+61 3 9484 8547,https://minikoala.com.au/,https://www.openstreetmap.org/node/3632439270,2026-07-15,pending_review,Imported from OpenStreetMap.
Panch Health Centre,"300 Bell Street, VIC 3072",clinic,darebin,,,https://www.yourch.org.au/,https://www.openstreetmap.org/node/3632439275,2026-07-15,pending_review,Imported from OpenStreetMap.
Renewd Laptop Repair Service,547 Plenty Road,electronics-repair,darebin,,,https://renewd.com.au/,https://www.openstreetmap.org/node/3649875723,2026-07-15,pending_review,Imported from OpenStreetMap.
Nord,641 Plenty Road,bar,darebin,,+61 3 9387 0583,https://nordbar.au/,https://www.openstreetmap.org/node/3649876841,2026-07-15,pending_review,Imported from OpenStreetMap.
Ragtime Tavern,206 Tyler Street,bar,darebin,,,https://ragtimetavern.com.au/,https://www.openstreetmap.org/node/3649876847,2026-07-15,pending_review,Imported from OpenStreetMap.
Rose Shamrock Hotel,"709 Plenty Road, VIC 3073",pub,darebin,,,,https://www.openstreetmap.org/node/3649900519,2026-07-15,pending_review,Imported from OpenStreetMap.
Tickled Pink,"145 Miller Street, VIC 3071",cafe,darebin,,,,https://www.openstreetmap.org/node/3665463320,2026-07-15,pending_review,Imported from OpenStreetMap.
Gioco Giro,5 Gilbert Road,art,darebin,,+61 3 9480 4455,https://giocogiro.com.au/,https://www.openstreetmap.org/node/3665464025,2026-07-15,pending_review,Imported from OpenStreetMap.
N25 Flowers,"25 Gilbert Road, VIC 3072",florist,darebin,,,https://www.n25flowers.com.au/,https://www.openstreetmap.org/node/3665464027,2026-07-15,pending_review,Imported from OpenStreetMap.
Pinky's,28 Gilbert Road,baby-goods,darebin,,,https://pinkysstore.com/,https://www.openstreetmap.org/node/3665464030,2026-07-15,pending_review,Imported from OpenStreetMap.
Lump Sculpture Studio,172 Christmas Street,sculptor,darebin,,,,https://www.openstreetmap.org/node/3679782826,2026-07-15,pending_review,Imported from OpenStreetMap.
Finnigans Cycles,,vacant,darebin,,,,https://www.openstreetmap.org/node/3683238015,2026-07-15,pending_review,Imported from OpenStreetMap.
Der Partisan Bakery,Leinster Grove,bakery,darebin,,+61 458 824 480,,https://www.openstreetmap.org/node/3693596973,2026-07-15,pending_review,Imported from OpenStreetMap.
Ben Ben Dumpling Kitchen,"50 Plenty Road, Preston VIC 3072",restaurant,preston,,+61 3 9480 1888,,https://www.openstreetmap.org/node/3719759460,2026-07-15,pending_review,Imported from OpenStreetMap.
Plenty Luck News and Lotto,"50 Plenty Road, Preston VIC 3072",lottery,preston,,+61 3 9484 5776,,https://www.openstreetmap.org/node/3719759461,2026-07-15,pending_review,Imported from OpenStreetMap.
Preston Chicken Shack,"50 Plenty Road, Preston VIC 3072",fast-food,preston,,+61 3 9484 6626,,https://www.openstreetmap.org/node/3719759462,2026-07-15,pending_review,Imported from OpenStreetMap.
Seafood Junction,"50 Plenty Road, Preston VIC 3072",fast-food,preston,,+61 3 9484 8800,,https://www.openstreetmap.org/node/3719759463,2026-07-15,pending_review,Imported from OpenStreetMap.
Tony Tran Bakery,"50 Plenty Road, Preston VIC 3072",bakery,preston,,+61 3 9416 7155,,https://www.openstreetmap.org/node/3719759464,2026-07-15,pending_review,Imported from OpenStreetMap.
Tax Integrity,"50 Plenty Road, Preston VIC 3072",tax-advisor,preston,,+61 3 9484 8755,,https://www.openstreetmap.org/node/3719759465,2026-07-15,pending_review,Imported from OpenStreetMap.
Plenty Yummy Noodles,"50 Plenty Road, Preston VIC 3072",restaurant,preston,,+61 3 9484 8183,,https://www.openstreetmap.org/node/3719759466,2026-07-15,pending_review,Imported from OpenStreetMap.
Barco & Associates,"45 Johnson Street, VIC 3073",accountant,darebin,,+61 3 9460 9362,,https://www.openstreetmap.org/node/3719837785,2026-07-15,pending_review,Imported from OpenStreetMap.
Bottlemart,,alcohol,darebin,,,,https://www.openstreetmap.org/node/3719837786,2026-07-15,pending_review,Imported from OpenStreetMap.
Curry Capers,46 Johnson Street,restaurant,darebin,,+61 3 9460 4101,https://www.currycapers.com.au/,https://www.openstreetmap.org/node/3719837787,2026-07-15,pending_review,Imported from OpenStreetMap.
Happy Anna,"40 Johnson Street, VIC 3073",dry-cleaning,darebin,,+61 3 9995 8414,,https://www.openstreetmap.org/node/3719837788,2026-07-15,pending_review,Imported from OpenStreetMap.
Paula and Rocky,39 Johnson Street,restaurant,darebin,,+61 3 9462 6955,,https://www.openstreetmap.org/node/3719837789,2026-07-15,pending_review,Imported from OpenStreetMap.
Violet Soliman Pharmacy,"41 Johnson Street, VIC 3073",pharmacy,darebin,,+61 3 9469 2696,,https://www.openstreetmap.org/node/3719837790,2026-07-15,pending_review,Imported from OpenStreetMap.
AL-Amera,,bakery,darebin,,,,https://www.openstreetmap.org/node/3719843576,2026-07-15,pending_review,Imported from OpenStreetMap.
Audio Lighting Service,,hifi,darebin,,,,https://www.openstreetmap.org/node/3719843577,2026-07-15,pending_review,Imported from OpenStreetMap.
Captain Supplements,42 Johnson Street,beverages,darebin,,,,https://www.openstreetmap.org/node/3719843578,2026-07-15,pending_review,Imported from OpenStreetMap.
Pickles and Spices,,supermarket,darebin,,,,https://www.openstreetmap.org/node/3719843579,2026-07-15,pending_review,Imported from OpenStreetMap.
A1 Dry Cleaners,"2 Murray Road, Preston VIC 3072",dry-cleaning,preston,,,,https://www.openstreetmap.org/node/3758403166,2026-07-15,pending_review,Imported from OpenStreetMap.
The Reject Shop,,variety-store,darebin,,,https://www.rejectshop.com.au/,https://www.openstreetmap.org/node/3761152257,2026-07-15,pending_review,Imported from OpenStreetMap.
Merringtons Optometrists,,optician,darebin,,,,https://www.openstreetmap.org/node/3761152258,2026-07-15,pending_review,Imported from OpenStreetMap.
Lincraft,,fabric,darebin,,,https://www.lincraft.com.au/,https://www.openstreetmap.org/node/3761152357,2026-07-15,pending_review,Imported from OpenStreetMap.
Degani Bakery Cafe,,cafe,darebin,,,,https://www.openstreetmap.org/node/3775879857,2026-07-15,pending_review,Imported from OpenStreetMap.
Vodafone,,mobile-phone,darebin,,,,https://www.openstreetmap.org/node/3775879858,2026-07-15,pending_review,Imported from OpenStreetMap.
PharmaSave,,pharmacy,darebin,,,,https://www.openstreetmap.org/node/3775879859,2026-07-15,pending_review,Imported from OpenStreetMap.
Limnos Island Fisheries,,seafood,darebin,,,,https://www.openstreetmap.org/node/3775880058,2026-07-15,pending_review,Imported from OpenStreetMap.
Plaza Deli,,deli,darebin,,,,https://www.openstreetmap.org/node/3775880059,2026-07-15,pending_review,Imported from OpenStreetMap.
Specsavers,,optician,darebin,,,,https://www.openstreetmap.org/node/3775881357,2026-07-15,pending_review,Imported from OpenStreetMap.
Optus,,mobile-phone,darebin,,,https://www.optus.com.au/,https://www.openstreetmap.org/node/3775881557,2026-07-15,pending_review,Imported from OpenStreetMap.
Kaisercraft Northcote,3 Separation Street,craft,darebin,,+61 3 9482 3126,,https://www.openstreetmap.org/node/3775893957,2026-07-15,pending_review,Imported from OpenStreetMap.
Vitamin Crazy,,herbalist,darebin,,,,https://www.openstreetmap.org/node/3775894157,2026-07-15,pending_review,Imported from OpenStreetMap.
Ryan's Garden Markets,,greengrocer,darebin,,,,https://www.openstreetmap.org/node/3775929557,2026-07-15,pending_review,Imported from OpenStreetMap.
The Herbert Café,41 Arthurton Road,cafe,darebin,,+61 3 8060 3637,https://www.theherbert.com.au/,https://www.openstreetmap.org/node/3822572657,2026-07-15,pending_review,Imported from OpenStreetMap.
Discount Drug Stores,270 Broadway,pharmacy,darebin,,,,https://www.openstreetmap.org/node/3836788560,2026-07-15,pending_review,Imported from OpenStreetMap.
Caltex Star Mart,,convenience,darebin,,,,https://www.openstreetmap.org/node/3861577959,2026-07-15,pending_review,Imported from OpenStreetMap.
Gardeners Melbourne,284-288 High Street,gardener,darebin,,+61 3 8400 4772,https://www.gardeners-melbourne.com.au/stonework/,https://www.openstreetmap.org/node/3870703184,2026-07-15,pending_review,Imported from OpenStreetMap.
Fabian Unique Cuts,,hairdresser,darebin,,,,https://www.openstreetmap.org/node/4007263372,2026-07-15,pending_review,Imported from OpenStreetMap.
InsideOut Carwash & Cafe,647 - 663 Heidelberg Road,car-wash,darebin,,,,https://www.openstreetmap.org/node/4041587339,2026-07-15,pending_review,Imported from OpenStreetMap.
Glenn Bistro,,cafe,darebin,,,,https://www.openstreetmap.org/node/4049768919,2026-07-15,pending_review,Imported from OpenStreetMap.
Landmark Building Design,"58 Victoria Road, Northcote VIC 3070",yes,northcote,,,,https://www.openstreetmap.org/node/4061250680,2026-07-15,pending_review,Imported from OpenStreetMap.
Bean and Gone,,cafe,darebin,,,,https://www.openstreetmap.org/node/4063307427,2026-07-15,pending_review,Imported from OpenStreetMap.
Metaxas Meats,,butcher,darebin,,,,https://www.openstreetmap.org/node/4063309071,2026-07-15,pending_review,Imported from OpenStreetMap.
Li Kong Liquor,,alcohol,darebin,,,,https://www.openstreetmap.org/node/4063309073,2026-07-15,pending_review,Imported from OpenStreetMap.
Preston Clothing,,tailor,darebin,,,,https://www.openstreetmap.org/node/4063310125,2026-07-15,pending_review,Imported from OpenStreetMap.
Preston pharmacy,,pharmacy,darebin,,+61 3 9470 3083,,https://www.openstreetmap.org/node/4063310126,2026-07-15,pending_review,Imported from OpenStreetMap.
Everest Indian,"85 Station Street, Fairfield VIC 3078",restaurant,fairfield,,+61 3 9482 2583,https://www.everestindian.com/,https://www.openstreetmap.org/node/4064857278,2026-07-15,pending_review,Imported from OpenStreetMap.
Fairfield Pizza,,restaurant,darebin,,,,https://www.openstreetmap.org/node/4064857280,2026-07-15,pending_review,Imported from OpenStreetMap.
N&T,,beauty,darebin,,,,https://www.openstreetmap.org/node/4064857283,2026-07-15,pending_review,Imported from OpenStreetMap.
Cocca,"105 Station Street, Fairfield VIC 3078",hairdresser,fairfield,,+61 3 9481 4265,,https://www.openstreetmap.org/node/4064857284,2026-07-15,pending_review,Imported from OpenStreetMap.
Burger Road,"89 Station Street, Fairfield VIC 3078",fast-food,fairfield,,+61 3 9489 1351,https://burgerroad-fairfield.com.au/,https://www.openstreetmap.org/node/4064857286,2026-07-15,pending_review,Imported from OpenStreetMap.
Fairyfields,"80 Station Street, Fairfield VIC 3078",gift,fairfield,,+61 3 9482 2888,,https://www.openstreetmap.org/node/4064857287,2026-07-15,pending_review,Imported from OpenStreetMap.
Flour + Salt,"83B Station Street, Fairfield VIC 3078",restaurant,fairfield,,+61 3 9486 3600,https://www.flourandsalt.com.au/,https://www.openstreetmap.org/node/4064857288,2026-07-15,pending_review,Imported from OpenStreetMap.
Cafe Pantheon,"88 Station Street, Fairfield VIC 3078",cafe,fairfield,,+61 3 9486 6688,,https://www.openstreetmap.org/node/4064857389,2026-07-15,pending_review,Imported from OpenStreetMap.
N&S Happy Dry Cleaners,"78 Station Street, Fairfield VIC 3078",laundry,fairfield,,,,https://www.openstreetmap.org/node/4064857390,2026-07-15,pending_review,Imported from OpenStreetMap.
Ili,"266 Wingrove Street, Fairfield VIC 3078",clothes,fairfield,,+61 3 9486 7263,,https://www.openstreetmap.org/node/4064857392,2026-07-15,pending_review,Imported from OpenStreetMap.
Pasta Poetry,"86 Station Street, Fairfield VIC 3078",deli,fairfield,,,,https://www.openstreetmap.org/node/4064857394,2026-07-15,pending_review,Imported from OpenStreetMap.
Gassit,"81 Station Street, Fairfield VIC 3078",motorcycle,fairfield,,+61 3 9482 5699,https://gassit.com.au/,https://www.openstreetmap.org/node/4064857395,2026-07-15,pending_review,Imported from OpenStreetMap.
Stathmos,"109 Station Street, Fairfield VIC 3078",cafe,fairfield,,+61 3 9489 9688,,https://www.openstreetmap.org/node/4064857396,2026-07-15,pending_review,Imported from OpenStreetMap.
Wine Bar,,pub,darebin,,,,https://www.openstreetmap.org/node/4064857397,2026-07-15,pending_review,Imported from OpenStreetMap.
Da Pasquale Woodfired Pizza,"93 Station Street, Fairfield VIC 3078",restaurant,fairfield,,+61 3 9482 6260,https://dapasquale.com.au,https://www.openstreetmap.org/node/4064857398,2026-07-15,pending_review,Imported from OpenStreetMap.
Brenta Meats Suppliers,103 Station Street,other,darebin,,+61 3 9489 0820,https://brentameats.com.au,https://www.openstreetmap.org/node/4064857403,2026-07-15,pending_review,Imported from OpenStreetMap.
Nikos,"254-256 Wingrove Street, Fairfield VIC 3078",cafe,fairfield,,+61 3 9482 1569,,https://www.openstreetmap.org/node/4064857404,2026-07-15,pending_review,Imported from OpenStreetMap.
Wrapped In It,"82 Station Street, Fairfield VIC 3078",gift,fairfield,,+61 3 9486 3484,,https://www.openstreetmap.org/node/4064857406,2026-07-15,pending_review,Imported from OpenStreetMap.
Thai Station,"75 Station Street, Fairfield VIC 3078",restaurant,fairfield,,+61 3 9481 0860,https://thaistationrestaurant.com.au/,https://www.openstreetmap.org/node/4064857407,2026-07-15,pending_review,Imported from OpenStreetMap.
Fairfield Pharmacy,"88E Station Street, Fairfield VIC 3078",pharmacy,fairfield,,+61 3 9489 8153,,https://www.openstreetmap.org/node/4064857408,2026-07-15,pending_review,Imported from OpenStreetMap.
PNJ Partners,"76 Station Street, Fairfield VIC 3078",estate-agent,fairfield,,+61 3 9489 4944,,https://www.openstreetmap.org/node/4064857409,2026-07-15,pending_review,Imported from OpenStreetMap.
Fairfield Mens Barber,"97 Station Street, Fairfield VIC 3078",hairdresser,fairfield,,+61 3 9486 4400,,https://www.openstreetmap.org/node/4064857410,2026-07-15,pending_review,Imported from OpenStreetMap.
Pizza Stazione,"83 Station Street, Fairfield VIC 3078",restaurant,fairfield,,+61 3 9486 4466,,https://www.openstreetmap.org/node/4064857414,2026-07-15,pending_review,Imported from OpenStreetMap.
All Class Wines,"107 Station Street, Fairfield VIC 3078",alcohol,fairfield,,+61 3 9482 6611,,https://www.openstreetmap.org/node/4064857415,2026-07-15,pending_review,Imported from OpenStreetMap.
Fairfield Seafood Fish & Chips,"89A Station Street, Fairfield VIC 3078",fast-food,fairfield,,+61 3 9489 1415,,https://www.openstreetmap.org/node/4064857417,2026-07-15,pending_review,Imported from OpenStreetMap.
Bakers Delight,"88B Station Street, Fairfield VIC 3078",bakery,fairfield,,+61 3 9482 2488,,https://www.openstreetmap.org/node/4064857420,2026-07-15,pending_review,Imported from OpenStreetMap.
Fairfield News and Lucky Lotto,"99-101 Station Street, Fairfield VIC 3078",newsagent,fairfield,,+61 3 9481 3240,https://yournewsagent.com.au,https://www.openstreetmap.org/node/4064857422,2026-07-15,pending_review,Imported from OpenStreetMap.
Guzman y Gomez,"74 Station Street, Fairfield VIC 3078",fast-food,fairfield,,,,https://www.openstreetmap.org/node/4064857423,2026-07-15,pending_review,Imported from OpenStreetMap.
Brazilian Butterfly,,massage,darebin,,,,https://www.openstreetmap.org/node/4064857425,2026-07-15,pending_review,Imported from OpenStreetMap.
Mechanica Repairs,,car-repair,darebin,,,,https://www.openstreetmap.org/node/4064857426,2026-07-15,pending_review,Imported from OpenStreetMap.
Tasty Souvlaki,"111 Station Street, Fairfield VIC 3078",fast-food,fairfield,,+61 3 9077 1804,,https://www.openstreetmap.org/node/4064857427,2026-07-15,pending_review,Imported from OpenStreetMap.
CATA,135 Station Street,art,darebin,,+61 3 9276 9000,,https://www.openstreetmap.org/node/4099025124,2026-07-15,pending_review,Imported from OpenStreetMap.
Dulux,,paint,darebin,,,,https://www.openstreetmap.org/node/4099025125,2026-07-15,pending_review,Imported from OpenStreetMap.
Bubbles,,car-wash,darebin,,,,https://www.openstreetmap.org/node/4099025126,2026-07-15,pending_review,Imported from OpenStreetMap.
Milk Bar,,convenience,darebin,,,,https://www.openstreetmap.org/node/4099025131,2026-07-15,pending_review,Imported from OpenStreetMap.
Bean Counter Cafe,"15 Railway Place, Fairfield VIC 3078",cafe,fairfield,,+61 3 9482 1170,https://beancountercafe.com.au/,https://www.openstreetmap.org/node/4099025134,2026-07-15,pending_review,Imported from OpenStreetMap.
Solutions2,,tax-advisor,darebin,,,,https://www.openstreetmap.org/node/4099025136,2026-07-15,pending_review,Imported from OpenStreetMap.
Ash & Rye,,cafe,darebin,,,,https://www.openstreetmap.org/node/4099025139,2026-07-15,pending_review,Imported from OpenStreetMap.
Fox In Sox,"121A Station Street, Fairfield VIC 3078",clothes,fairfield,,+61 3 9041 1233,,https://www.openstreetmap.org/node/4099025140,2026-07-15,pending_review,Imported from OpenStreetMap.
Remake Garage,,car-repair,darebin,,,,https://www.openstreetmap.org/node/4099025142,2026-07-15,pending_review,Imported from OpenStreetMap.
Greek Community,,yes,darebin,,,,https://www.openstreetmap.org/node/4099025148,2026-07-15,pending_review,Imported from OpenStreetMap.
Zac,,water-sports,darebin,,,,https://www.openstreetmap.org/node/4099025149,2026-07-15,pending_review,Imported from OpenStreetMap.
Food Store,,convenience,darebin,,,,https://www.openstreetmap.org/node/4099025152,2026-07-15,pending_review,Imported from OpenStreetMap.
Joseph F Romano & Associates,,accountant,darebin,,,,https://www.openstreetmap.org/node/4099025155,2026-07-15,pending_review,Imported from OpenStreetMap.
15 lbs Cafe,"21-23 Railway Place, Fairfield VIC 3078",cafe,fairfield,,+61 3 9482 4481,,https://www.openstreetmap.org/node/4099025156,2026-07-15,pending_review,Imported from OpenStreetMap.
CSR  Building Products,138 Bell Street,metal-construction,darebin,,,,https://www.openstreetmap.org/node/4099025157,2026-07-15,pending_review,Imported from OpenStreetMap.
Oyishi Japanes and Chinese Cuisine,,restaurant,darebin,,,,https://www.openstreetmap.org/node/4099025158,2026-07-15,pending_review,Imported from OpenStreetMap.
Markden,,car-repair,darebin,,,,https://www.openstreetmap.org/node/4099025159,2026-07-15,pending_review,Imported from OpenStreetMap.
QQ Dumpling,"152 Station Street, Fairfield VIC 3078",restaurant,fairfield,,,,https://www.openstreetmap.org/node/4099025163,2026-07-15,pending_review,Imported from OpenStreetMap.
Preston Drive-in flowers,,florist,darebin,,,,https://www.openstreetmap.org/node/4099025164,2026-07-15,pending_review,Imported from OpenStreetMap.
Highland Computer Services,,computer,darebin,,,,https://www.openstreetmap.org/node/4099025172,2026-07-15,pending_review,Imported from OpenStreetMap.
The Tea Rose,"25 Railway Place, Fairfield VIC 3078",cafe,fairfield,,+61 3 9486 3518,https://thetearose.com.au/,https://www.openstreetmap.org/node/4099025173,2026-07-15,pending_review,Imported from OpenStreetMap.
Repco,,car-parts,darebin,,,https://www.repco.com.au/,https://www.openstreetmap.org/node/4099025174,2026-07-15,pending_review,Imported from OpenStreetMap.
Dennis Panels,,interior-decoration,darebin,,,,https://www.openstreetmap.org/node/4152609294,2026-07-15,pending_review,Imported from OpenStreetMap.
Hair Kandu,,hairdresser,darebin,,,,https://www.openstreetmap.org/node/4152609297,2026-07-15,pending_review,Imported from OpenStreetMap.
Evetts,,metal-construction,darebin,,,,https://www.openstreetmap.org/node/4152609301,2026-07-15,pending_review,Imported from OpenStreetMap.
Zambrero,,restaurant,darebin,,,,https://www.openstreetmap.org/node/4152850190,2026-07-15,pending_review,Imported from OpenStreetMap.
Agoraphobic Cafe,,cafe,darebin,,,,https://www.openstreetmap.org/node/4408093926,2026-07-15,pending_review,Imported from OpenStreetMap.
Zylux,166 Christmas Street,yes,darebin,,,,https://www.openstreetmap.org/node/4488335920,2026-07-15,pending_review,Imported from OpenStreetMap.
BP RIO motors,St Georges Road,convenience,darebin,,,,https://www.openstreetmap.org/node/4543863821,2026-07-15,pending_review,Imported from OpenStreetMap.
3 Ravens Brewery,1 Theobald Street,brewery,darebin,,+61 3 9495 1026,https://3ravens.com.au/,https://www.openstreetmap.org/node/4547320785,2026-07-15,pending_review,Imported from OpenStreetMap.
Clothing SupaStore,249 Broadway,clothes,darebin,,,,https://www.openstreetmap.org/node/4636301323,2026-07-15,pending_review,Imported from OpenStreetMap.
Ella Bache,"227B Broadway, VIC 3073",beauty,darebin,,,,https://www.openstreetmap.org/node/4636362518,2026-07-15,pending_review,Imported from OpenStreetMap.
PA and Co Accountant,,accountant,darebin,,,,https://www.openstreetmap.org/node/4636363538,2026-07-15,pending_review,Imported from OpenStreetMap.
Vision @ Broadway,,optician,darebin,,,,https://www.openstreetmap.org/node/4636803851,2026-07-15,pending_review,Imported from OpenStreetMap.
Relux,,bar,darebin,,,,https://www.openstreetmap.org/node/4636806498,2026-07-15,pending_review,Imported from OpenStreetMap.
Raine & Horne,,estate-agent,darebin,,,,https://www.openstreetmap.org/node/4643404476,2026-07-15,pending_review,Imported from OpenStreetMap.
Broadway Pizza and Pasta,,fast-food,darebin,,,,https://www.openstreetmap.org/node/4643404477,2026-07-15,pending_review,Imported from OpenStreetMap.
Paradise Food City,,supermarket,darebin,,,,https://www.openstreetmap.org/node/4643404479,2026-07-15,pending_review,Imported from OpenStreetMap.
Broadway Automotive,,car-repair,darebin,,,,https://www.openstreetmap.org/node/4643404480,2026-07-15,pending_review,Imported from OpenStreetMap.
Broadway Computers,,computer,darebin,,,,https://www.openstreetmap.org/node/4643404482,2026-07-15,pending_review,Imported from OpenStreetMap.
Doctors On Broadway,,doctors,darebin,,,,https://www.openstreetmap.org/node/4643404590,2026-07-15,pending_review,Imported from OpenStreetMap.
Stuffed Lamb and Catering,,caterer,darebin,,,,https://www.openstreetmap.org/node/4643404591,2026-07-15,pending_review,Imported from OpenStreetMap.
Kids On Broadway,,clothes,darebin,,,,https://www.openstreetmap.org/node/4643411551,2026-07-15,pending_review,Imported from OpenStreetMap.
Lady Bower,,cafe,darebin,,,,https://www.openstreetmap.org/node/4643411552,2026-07-15,pending_review,Imported from OpenStreetMap.
Croizers & Co,,glaziery,darebin,,,,https://www.openstreetmap.org/node/4643411554,2026-07-15,pending_review,Imported from OpenStreetMap.
Cigarette Store,,tobacco,darebin,,,,https://www.openstreetmap.org/node/4643411555,2026-07-15,pending_review,Imported from OpenStreetMap.
Northside Cafe,,cafe,darebin,,,,https://www.openstreetmap.org/node/4643411556,2026-07-15,pending_review,Imported from OpenStreetMap.
Magid Supermarket,,supermarket,darebin,,,,https://www.openstreetmap.org/node/4643411560,2026-07-15,pending_review,Imported from OpenStreetMap.
One Way Fresh Supermarket,,supermarket,darebin,,,,https://www.openstreetmap.org/node/4643411561,2026-07-15,pending_review,Imported from OpenStreetMap.
Broadway Medical,,doctors,darebin,,,,https://www.openstreetmap.org/node/4643411567,2026-07-15,pending_review,Imported from OpenStreetMap.
Beacon Lighting,"23 Bell Street, Preston VIC",lighting,preston,,,,https://www.openstreetmap.org/node/4681330261,2026-07-15,pending_review,Imported from OpenStreetMap.
JB Hi-Fi Home,"25 Bell Street, Preston VIC",electronics,preston,,,,https://www.openstreetmap.org/node/4681330262,2026-07-15,pending_review,Imported from OpenStreetMap.
Sydney Tools,"27 Bell Street, Preston VIC",hardware,preston,,,,https://www.openstreetmap.org/node/4681330263,2026-07-15,pending_review,Imported from OpenStreetMap.
Adairs,"86 Bell Street, Preston VIC",bed,preston,,,,https://www.openstreetmap.org/node/4681445301,2026-07-15,pending_review,Imported from OpenStreetMap.
BOC Gas,"78-84 Bell Street, Preston VIC 3072",energy-supplier,preston,,,,https://www.openstreetmap.org/node/4681445302,2026-07-15,pending_review,Imported from OpenStreetMap.
Baby Bunting,86 Bell Street,baby-goods,darebin,,,,https://www.openstreetmap.org/node/4681445303,2026-07-15,pending_review,Imported from OpenStreetMap.
Petbarn,,pet,darebin,,,https://www.petbarn.com.au/,https://www.openstreetmap.org/node/4681445304,2026-07-15,pending_review,Imported from OpenStreetMap.
Preston Toyota,,car,darebin,,+61 3 9478 1788,https://www.prestontoyota.com.au/,https://www.openstreetmap.org/node/4714174090,2026-07-15,pending_review,Imported from OpenStreetMap.
Europcar,,car-rental,darebin,,,https://www.europcar.com.au/,https://www.openstreetmap.org/node/4714188290,2026-07-15,pending_review,Imported from OpenStreetMap.
El Jannah,"600 High Street, Preston VIC 3072",fast-food,preston,,,https://eljannah.com.au/,https://www.openstreetmap.org/node/4714194990,2026-07-15,pending_review,Imported from OpenStreetMap.
Café Baréa,675 High Street,cafe,darebin,,,,https://www.openstreetmap.org/node/4727131192,2026-07-15,pending_review,Imported from OpenStreetMap.
Preston Eco Wash,671 High Street,laundry,darebin,,,,https://www.openstreetmap.org/node/4727142289,2026-07-15,pending_review,Imported from OpenStreetMap.
Kia Cafe,7 Kia Court,cafe,darebin,,,,https://www.openstreetmap.org/node/4744268698,2026-07-15,pending_review,Imported from OpenStreetMap.
Tallboy and Moose,270 Raglan Street,brewery,darebin,,+61 3 9484 7803,https://www.tallboyandmoose.com/,https://www.openstreetmap.org/node/4806700906,2026-07-15,pending_review,Imported from OpenStreetMap.
Estelle,"243-245 High Street, VIC 3070",restaurant,darebin,,,https://theestelle.com.au/,https://www.openstreetmap.org/node/4840359922,2026-07-15,pending_review,Imported from OpenStreetMap.
Moor's Head,"774 High Street, Thornbury VIC 3071",restaurant,thornbury,,,,https://www.openstreetmap.org/node/4840360021,2026-07-15,pending_review,Imported from OpenStreetMap.
Rio Express,,cafe,darebin,,,,https://www.openstreetmap.org/node/4938372007,2026-07-15,pending_review,Imported from OpenStreetMap.
Sartoria,"115 Plenty Road, Preston VIC 3072",cafe,preston,,,https://sartoria.com.au/,https://www.openstreetmap.org/node/4954130058,2026-07-15,pending_review,Imported from OpenStreetMap.
Cheshire,"583 Gilbert Road, Preston VIC 3072",cafe,preston,,+61 422 591 650,,https://www.openstreetmap.org/node/4959280795,2026-07-15,pending_review,Imported from OpenStreetMap.
Jackson Dodds,"611 Gilbert Road, VIC 3072",cafe,darebin,,+61 3 9471 1900,https://jacksondodds.com.au/,https://www.openstreetmap.org/node/4959281491,2026-07-15,pending_review,Imported from OpenStreetMap.
Gilbert Road Motors,"613 Gilbert Road, Reservoir VIC 3073",fuel,reservoir,,,,https://www.openstreetmap.org/node/4959281596,2026-07-15,pending_review,Imported from OpenStreetMap.
Manara Pizza House,"645 Gilbert Road, Reservoir VIC 3073",fast-food,reservoir,,,,https://www.openstreetmap.org/node/4959283120,2026-07-15,pending_review,Imported from OpenStreetMap.
Regent Cellars,"643 Gilbert Road, Reservoir VIC 3073",alcohol,reservoir,,,,https://www.openstreetmap.org/node/4959284125,2026-07-15,pending_review,Imported from OpenStreetMap.
Audacious Monk Cellars,128 Regent Street,alcohol,darebin,,,,https://www.openstreetmap.org/node/4959284697,2026-07-15,pending_review,Imported from OpenStreetMap.
Hoppa & Joe,"457 Heidelberg Road, Fairfield VIC 3078",cafe,fairfield,,,https://www.facebook.com/HoppaAndJoe/,https://www.openstreetmap.org/node/4972009947,2026-07-15,pending_review,Imported from OpenStreetMap.
Solomons Flooring,,carpet,darebin,,,,https://www.openstreetmap.org/node/5076265959,2026-07-15,pending_review,Imported from OpenStreetMap.
National Tiles,,tiles,darebin,,,,https://www.openstreetmap.org/node/5076265975,2026-07-15,pending_review,Imported from OpenStreetMap.
Vietnamese Pho,,restaurant,darebin,,,,https://www.openstreetmap.org/node/5110148963,2026-07-15,pending_review,Imported from OpenStreetMap.
Millee Cars,"484 High Street, Northcote VIC 3070",car,northcote,,+61 419 356 678,,https://www.openstreetmap.org/node/5110148964,2026-07-15,pending_review,Imported from OpenStreetMap.
Mascia & Associates,,accountant,darebin,,,,https://www.openstreetmap.org/node/5110148965,2026-07-15,pending_review,Imported from OpenStreetMap.
Brandella Uniforms,,tailor,darebin,,,,https://www.openstreetmap.org/node/5110148966,2026-07-15,pending_review,Imported from OpenStreetMap.
Dry Cleaner,,laundry,darebin,,,,https://www.openstreetmap.org/node/5110148969,2026-07-15,pending_review,Imported from OpenStreetMap.
Motion Myotherapy Northcote Remedial Massage Melborune,"486 High Street, Northcote VIC 3070",massage,northcote,motionmyotherapy@mail.com,+61 3 9114 2890,https://www.motionmyotherapy.com/,https://www.openstreetmap.org/node/5110148970,2026-07-15,pending_review,Imported from OpenStreetMap.
King of Rugs,,carpet,darebin,,+61 3 9470 6639,,https://www.openstreetmap.org/node/5110148971,2026-07-15,pending_review,Imported from OpenStreetMap.
Chilli Bites,,fast-food,darebin,,,,https://www.openstreetmap.org/node/5110148976,2026-07-15,pending_review,Imported from OpenStreetMap.
RFS,,accountant,darebin,,,,https://www.openstreetmap.org/node/5110148977,2026-07-15,pending_review,Imported from OpenStreetMap.
La Siesta Central,,massage,darebin,,,,https://www.openstreetmap.org/node/5110148978,2026-07-15,pending_review,Imported from OpenStreetMap.
TNM Consulting,,company,darebin,,,,https://www.openstreetmap.org/node/5110148980,2026-07-15,pending_review,Imported from OpenStreetMap.
Espresso Room,"410 High Street, Northcote VIC 3070",cafe,northcote,,,https://espressoroomnorthcote.com.au/,https://www.openstreetmap.org/node/5110148984,2026-07-15,pending_review,Imported from OpenStreetMap.
U Dumpling,,restaurant,darebin,,,,https://www.openstreetmap.org/node/5110148985,2026-07-15,pending_review,Imported from OpenStreetMap.
Ralph D'Silva Used Cars,622 Plenty Road,car,darebin,,,https://www.ralphdsilvausedcars.com.au/,https://www.openstreetmap.org/node/5110148990,2026-07-15,pending_review,Imported from OpenStreetMap.
Fresh Skin Canvas,122 High Street,beauty,darebin,,,,https://www.openstreetmap.org/node/5110148991,2026-07-15,pending_review,Imported from OpenStreetMap.
Lux Hair,Plenty Road,hairdresser,darebin,,,,https://www.openstreetmap.org/node/5110148992,2026-07-15,pending_review,Imported from OpenStreetMap.
Bell Automotive Group,"481 Plenty Road, Preston VIC 3072",car-repair,preston,,+61 3 9478 8370,https://www.bellautomotivegroup.com.au/,https://www.openstreetmap.org/node/5110148997,2026-07-15,pending_review,Imported from OpenStreetMap.
Art By I,,art,darebin,,,,https://www.openstreetmap.org/node/5110148998,2026-07-15,pending_review,Imported from OpenStreetMap.
Northcote Computers,314 High Street,computer,darebin,,,,https://www.openstreetmap.org/node/5123921790,2026-07-15,pending_review,Imported from OpenStreetMap.
Lui Boss,298 High Street,restaurant,darebin,,,,https://www.openstreetmap.org/node/5123921793,2026-07-15,pending_review,Imported from OpenStreetMap.
Sweet Salt,,fast-food,darebin,,,,https://www.openstreetmap.org/node/5123921796,2026-07-15,pending_review,Imported from OpenStreetMap.
Danté,308-310 High Street,bar,darebin,,,https://www.dantecocktail.com/,https://www.openstreetmap.org/node/5123921798,2026-07-15,pending_review,Imported from OpenStreetMap.
Silk Road,,travel-agency,darebin,,,,https://www.openstreetmap.org/node/5123921802,2026-07-15,pending_review,Imported from OpenStreetMap.
Spathis Partners,302 High Street,accountant,darebin,,,,https://www.openstreetmap.org/node/5123921806,2026-07-15,pending_review,Imported from OpenStreetMap.
McGrath,318 High Street,estate-agent,darebin,,,https://www.mcgrath.com.au/offices/214-northcote,https://www.openstreetmap.org/node/5123921807,2026-07-15,pending_review,Imported from OpenStreetMap.
BPA Business Broker,,company,darebin,,,,https://www.openstreetmap.org/node/5125802611,2026-07-15,pending_review,Imported from OpenStreetMap.
Peyton Waite Land Surveyor,,company,darebin,,,,https://www.openstreetmap.org/node/5125802615,2026-07-15,pending_review,Imported from OpenStreetMap.
Green Horse,255 High Street,interior-decoration,darebin,,,https://greenhorse.com.au/,https://www.openstreetmap.org/node/5125802618,2026-07-15,pending_review,Imported from OpenStreetMap.
Calais Kitchen,,kitchen,darebin,,,,https://www.openstreetmap.org/node/5125803521,2026-07-15,pending_review,Imported from OpenStreetMap.
CJ Cafe,,cafe,darebin,,,,https://www.openstreetmap.org/node/5125803523,2026-07-15,pending_review,Imported from OpenStreetMap.
Dreamstreet Lending,,financial,darebin,,,,https://www.openstreetmap.org/node/5125803524,2026-07-15,pending_review,Imported from OpenStreetMap.
Preston Wheels & Tyres,,car-parts,darebin,,,,https://www.openstreetmap.org/node/5125803527,2026-07-15,pending_review,Imported from OpenStreetMap.
Black & White Estate Agents,"483 High Street, Northcote VIC 3070",estate-agent,northcote,,,https://bwestateagents.com.au/,https://www.openstreetmap.org/node/5125803528,2026-07-15,pending_review,Imported from OpenStreetMap.
Coin Laundry,,laundry,darebin,,,,https://www.openstreetmap.org/node/5125803529,2026-07-15,pending_review,Imported from OpenStreetMap.
Plenty & More Cafe,207 Plenty Road,cafe,darebin,,+61 3 8456 7534,,https://www.openstreetmap.org/node/5125803533,2026-07-15,pending_review,Imported from OpenStreetMap.
Bombay Bento Indian Restaurant,,fast-food,darebin,,,,https://www.openstreetmap.org/node/5125803534,2026-07-15,pending_review,Imported from OpenStreetMap.
Majic Hair,,hairdresser,darebin,,,,https://www.openstreetmap.org/node/5128460473,2026-07-15,pending_review,Imported from OpenStreetMap.
Van Wynen Tiles,,tiler,darebin,,,,https://www.openstreetmap.org/node/5128460480,2026-07-15,pending_review,Imported from OpenStreetMap.
Glow Magic,,car-repair,darebin,,,,https://www.openstreetmap.org/node/5128460486,2026-07-15,pending_review,Imported from OpenStreetMap.
Anscars,,car,darebin,,,,https://www.openstreetmap.org/node/5140232019,2026-07-15,pending_review,Imported from OpenStreetMap.
Health & Beauty Supplies,,beauty,darebin,,,,https://www.openstreetmap.org/node/5140232020,2026-07-15,pending_review,Imported from OpenStreetMap.
Kebab,"766A Plenty Road, VIC 3073",fast-food,darebin,,,,https://www.openstreetmap.org/node/5140239021,2026-07-15,pending_review,Imported from OpenStreetMap.
Tom Matasi,,accountant,darebin,,,,https://www.openstreetmap.org/node/5140370700,2026-07-15,pending_review,Imported from OpenStreetMap.
ARC Asian Grocers,"1 Cook Street, VIC 3072",supermarket,darebin,,,https://arcasiangrocer.com.au/,https://www.openstreetmap.org/node/5163935991,2026-07-15,pending_review,Imported from OpenStreetMap.
Gelato Papa,"14A Gilbert Road, VIC 3072",ice-cream,darebin,,,https://www.gelatopapa.com.au/,https://www.openstreetmap.org/node/5257515298,2026-07-15,pending_review,Imported from OpenStreetMap.
Chumanchu,2-4 Gilbert Road,restaurant,darebin,,+61 3 9484 8686,https://www.chumanchu.com/,https://www.openstreetmap.org/node/5257515299,2026-07-15,pending_review,Imported from OpenStreetMap.
The Picture Box,139 Miller Street,art,darebin,,+61 3 9484 9213,https://thepicturebox.com.au/,https://www.openstreetmap.org/node/5257546857,2026-07-15,pending_review,Imported from OpenStreetMap.
Fish & Chips Seanora,"131 Miller Street, VIC 3071",fast-food,darebin,,,https://www.facebook.com/seanoraThornbury,https://www.openstreetmap.org/node/5257546858,2026-07-15,pending_review,Imported from OpenStreetMap.
Thornbury Cellars IGA,"141 Miller Street, VIC 3071",supermarket,darebin,,,,https://www.openstreetmap.org/node/5257546861,2026-07-15,pending_review,Imported from OpenStreetMap.
Grain Peddler,17 Gilbert Road,bakery,darebin,,,,https://www.openstreetmap.org/node/5257546862,2026-07-15,pending_review,Imported from OpenStreetMap.
Merri Bar,15 Gilbert Road,bar,darebin,,+61 3 9480 5940,,https://www.openstreetmap.org/node/5257546863,2026-07-15,pending_review,Imported from OpenStreetMap.
St. Gerry's,373 High Street,pastry,darebin,,,https://www.stgerrys.com.au/,https://www.openstreetmap.org/node/5311831020,2026-07-15,pending_review,Imported from OpenStreetMap.
All Are Welcome,"190 High Street, Northcote VIC 3070",bakery,northcote,,,https://all-are-welcome.com/,https://www.openstreetmap.org/node/5313132855,2026-07-15,pending_review,Imported from OpenStreetMap.
Grandfather's Axe,"171 High Street, Northcote VIC 3070",furniture,northcote,,,https://grandfathersaxe.com.au/,https://www.openstreetmap.org/node/5319567780,2026-07-15,pending_review,Imported from OpenStreetMap.
Todo Good Coffee,"1A Timmins Street, Northcote VIC 3070",cafe,northcote,,,,https://www.openstreetmap.org/node/5319567781,2026-07-15,pending_review,Imported from OpenStreetMap.
Acqua Farina Woodfire Oven Pizzeria,,restaurant,darebin,,,,https://www.openstreetmap.org/node/5372698652,2026-07-15,pending_review,Imported from OpenStreetMap.
komotis.j,,hairdresser,darebin,,,,https://www.openstreetmap.org/node/5398308449,2026-07-15,pending_review,Imported from OpenStreetMap.
Gellibrand,,cafe,darebin,,,,https://www.openstreetmap.org/node/5398328261,2026-07-15,pending_review,Imported from OpenStreetMap.
Mariluci,,deli,darebin,,,,https://www.openstreetmap.org/node/5398328263,2026-07-15,pending_review,Imported from OpenStreetMap.
Zamtek,,video,darebin,,,,https://www.openstreetmap.org/node/5398328264,2026-07-15,pending_review,Imported from OpenStreetMap.
Espresso Alley,"4 Separation Street, Northcote VIC 3070",cafe,northcote,,,,https://www.openstreetmap.org/node/5409203217,2026-07-15,pending_review,Imported from OpenStreetMap.
Labbaik's Indian Restaurant,,restaurant,darebin,,,,https://www.openstreetmap.org/node/5422344379,2026-07-15,pending_review,Imported from OpenStreetMap.
Preston Mowers,,garden-centre,darebin,,,,https://www.openstreetmap.org/node/5422344380,2026-07-15,pending_review,Imported from OpenStreetMap.
Pomona Cafe,,cafe,darebin,,,,https://www.openstreetmap.org/node/5422344381,2026-07-15,pending_review,Imported from OpenStreetMap.
Luigi Boyz,,restaurant,darebin,,,,https://www.openstreetmap.org/node/5422344382,2026-07-15,pending_review,Imported from OpenStreetMap.
Acropol,,cafe,darebin,,,,https://www.openstreetmap.org/node/5437199555,2026-07-15,pending_review,Imported from OpenStreetMap.
The Mushroom Place,49 Plateau Road,farm,darebin,,,,https://www.openstreetmap.org/node/5437240053,2026-07-15,pending_review,Imported from OpenStreetMap.
Preston Market Hot Jam Doughnuts,,fast-food,darebin,,,,https://www.openstreetmap.org/node/5549508308,2026-07-15,pending_review,Imported from OpenStreetMap.
Jerry's Deli,,deli,preston,,+61 3 9478 7046,,https://www.openstreetmap.org/node/5549508309,2026-07-15,pending_review,Imported from OpenStreetMap.
Aegean Foods,,deli,darebin,,+61 3 9478 5243,,https://www.openstreetmap.org/node/5549508310,2026-07-15,pending_review,Imported from OpenStreetMap.
Coles Express,,convenience,darebin,,,https://www.colesexpress.com.au/,https://www.openstreetmap.org/node/5551556063,2026-07-15,pending_review,Imported from OpenStreetMap.
Frank Rocca Men's Wear,"90 Station Street, Fairfield VIC 3078",clothes,fairfield,,+61 3 9489 8983,https://frankroccamenswear.com/,https://www.openstreetmap.org/node/5563465273,2026-07-15,pending_review,Imported from OpenStreetMap.
Oasis,"92-96 Station Street, Fairfield VIC 3078",supermarket,fairfield,,+61 3 9489 6399,https://oasisonline.com.au/pages/fairfield,https://www.openstreetmap.org/node/5563465274,2026-07-15,pending_review,Imported from OpenStreetMap.
Biviano and Sons,"98-100 Station Street, Fairfield VIC 3078",greengrocer,fairfield,,+61 3 9489 0087,https://www.bivianoandsons.com.au/,https://www.openstreetmap.org/node/5563465275,2026-07-15,pending_review,Imported from OpenStreetMap.
Biviano and Sons Quality Butcher,"102 Station Street, Fairfield VIC 3078",butcher,fairfield,,+61 3 9489 0060,,https://www.openstreetmap.org/node/5563465276,2026-07-15,pending_review,Imported from OpenStreetMap.
Side Show Design,"290 Wingrove Street, Fairfield VIC 3078",clothes,fairfield,,,https://www.sideshowdesign.com.au/,https://www.openstreetmap.org/node/5574876089,2026-07-15,pending_review,Imported from OpenStreetMap.
Cutting Cloth,"282 Wingrove Street, Fairfield VIC 3078",handicraft,fairfield,,+61 3 9486 7781,,https://www.openstreetmap.org/node/5574876090,2026-07-15,pending_review,Imported from OpenStreetMap.
Fairfield Dermatology Clinic,"278 Wingrove Street, Fairfield VIC 3078",clinic,fairfield,,+61 3 9486 4300,,https://www.openstreetmap.org/node/5574876091,2026-07-15,pending_review,Imported from OpenStreetMap.
Victorian Refrigeration,"276 Wingrove Street, Fairfield VIC 3078",company,fairfield,,+61 3 9486 5463,,https://www.openstreetmap.org/node/5574876092,2026-07-15,pending_review,Imported from OpenStreetMap.
Wingrove Medical Clinic,"270 Wingrove Street, Fairfield VIC 3078",clinic,fairfield,,,,https://www.openstreetmap.org/node/5574876093,2026-07-15,pending_review,Imported from OpenStreetMap.
Thomson Street Foodstore,"83 Thomson Street, Northcote VIC 3070",cafe,northcote,,,,https://www.openstreetmap.org/node/5574900461,2026-07-15,pending_review,Imported from OpenStreetMap.
Assa Korean BBQ,"106 Station Street, Fairfield VIC 3078",restaurant,fairfield,,,,https://www.openstreetmap.org/node/5579849389,2026-07-15,pending_review,Imported from OpenStreetMap.
Harvest,"108 Station Street, Fairfield VIC 3078",cafe,fairfield,,+61 3 9481 4718,,https://www.openstreetmap.org/node/5579849390,2026-07-15,pending_review,Imported from OpenStreetMap.
The Seafood Station,"110 Station Street, Fairfield VIC 3078",seafood,fairfield,,+61 3 9481 4982,https://fairfielddeli.com,https://www.openstreetmap.org/node/5579849391,2026-07-15,pending_review,Imported from OpenStreetMap.
TerryWhite Chemmart,"112-114 Station Street, Fairfield VIC 3078",pharmacy,fairfield,,,https://terrywhitechemmart.com.au/stores/terrywhite-chemmart-fairfield-station-street,https://www.openstreetmap.org/node/5579849392,2026-07-15,pending_review,Imported from OpenStreetMap.
Moda in Fashion,"118 Station Street, Fairfield VIC 3078",clothes,fairfield,,+61 3 9489 5940,https://modainfashion.com.au/,https://www.openstreetmap.org/node/5579849393,2026-07-15,pending_review,Imported from OpenStreetMap.
Chapati,"120 Station Street, Fairfield VIC 3078",restaurant,fairfield,,,,https://www.openstreetmap.org/node/5579849394,2026-07-15,pending_review,Imported from OpenStreetMap.
Sushi Boy,"122A Station Street, Fairfield VIC 3078",restaurant,fairfield,,+61 3 9004 4352,,https://www.openstreetmap.org/node/5579849395,2026-07-15,pending_review,Imported from OpenStreetMap.
A1 Bakery Fairfield,"122 Station Street, Fairfield VIC 3078",bakery,fairfield,,+61 3 9481 0791,https://www.a1bakeryfairfield.com.au/,https://www.openstreetmap.org/node/5579849396,2026-07-15,pending_review,Imported from OpenStreetMap.
Fairfield City Medical Centre,"124 Station Street, Fairfield VIC 3078",clinic,fairfield,,,,https://www.openstreetmap.org/node/5579849397,2026-07-15,pending_review,Imported from OpenStreetMap.
Grill'd,"126 Station Street, Fairfield VIC 3078",fast-food,fairfield,,+61 3 9481 2566,,https://www.openstreetmap.org/node/5579849398,2026-07-15,pending_review,Imported from OpenStreetMap.
Rooster Bar,"128 Station Street, Fairfield VIC 3078",restaurant,fairfield,,+61 3 9486 6968,,https://www.openstreetmap.org/node/5579882852,2026-07-15,pending_review,Imported from OpenStreetMap.
Station Street Pharmacy,"130-132 Station Street, Fairfield VIC 3078",pharmacy,fairfield,,,,https://www.openstreetmap.org/node/5579882853,2026-07-15,pending_review,Imported from OpenStreetMap.
Fairfield Station Tobacconist,"134 Station Street, Fairfield VIC 3078",tobacco,fairfield,,+61 3 8589 1407,,https://www.openstreetmap.org/node/5579882854,2026-07-15,pending_review,Imported from OpenStreetMap.
Zambrero,"134A Station Street, Fairfield VIC 3078",fast-food,fairfield,,,,https://www.openstreetmap.org/node/5579882855,2026-07-15,pending_review,Imported from OpenStreetMap.
Noodle Hut,"136 Station Street, Fairfield VIC 3078",restaurant,fairfield,,+61 3 9481 2443,,https://www.openstreetmap.org/node/5579882856,2026-07-15,pending_review,Imported from OpenStreetMap.
Chemist Warehouse,"138 Station Street, Fairfield VIC 3078",pharmacy,fairfield,,+61 3 9489 8936,,https://www.openstreetmap.org/node/5579882858,2026-07-15,pending_review,Imported from OpenStreetMap.
IGA,"140 Station Street, Fairfield VIC 3078",supermarket,fairfield,,+61 3 9489 7666,,https://www.openstreetmap.org/node/5579882859,2026-07-15,pending_review,Imported from OpenStreetMap.
Shoe Image,"144 Station Street, Fairfield VIC 3078",shoes,fairfield,,,https://shoeimage.com.au/,https://www.openstreetmap.org/node/5579882860,2026-07-15,pending_review,Imported from OpenStreetMap.
Matsuya,"146 Station Street, Fairfield VIC 3078",restaurant,fairfield,,+61 3 9482 6088,,https://www.openstreetmap.org/node/5579882861,2026-07-15,pending_review,Imported from OpenStreetMap.
Fairfield Groceries & Gifts,"146A Station Street, Fairfield VIC 3078",gift,fairfield,,,,https://www.openstreetmap.org/node/5579882862,2026-07-15,pending_review,Imported from OpenStreetMap.
Fairfield Paediatrics,"148 Station Street, Fairfield VIC 3078",clinic,fairfield,,,,https://www.openstreetmap.org/node/5579882864,2026-07-15,pending_review,Imported from OpenStreetMap.
Liquorland Fairfield;Liquorland,"149-153 Station Street, Fairfield VIC 3078",alcohol,fairfield,,+61 3 9489 1068,https://www.liquorland.com.au/,https://www.openstreetmap.org/node/5587634139,2026-07-15,pending_review,Imported from OpenStreetMap.
Erinbank Crafts and Gifts,"153 Station Street, Fairfield VIC 3078",gift,fairfield,,+61 3 9486 6713,,https://www.openstreetmap.org/node/5587634141,2026-07-15,pending_review,Imported from OpenStreetMap.
Dorevitch Pathology Fairfield,"149-153 Station Street, Fairfield VIC 3078",clinic,fairfield,,+61 3 9486 7310,,https://www.openstreetmap.org/node/5587634142,2026-07-15,pending_review,Imported from OpenStreetMap.
Direct Radiology Fairfield,"149-153 Station Street, Fairfield VIC 3078",clinic,fairfield,,+61 3 9489 8884,,https://www.openstreetmap.org/node/5587634143,2026-07-15,pending_review,Imported from OpenStreetMap.
Okami,"147 Station Street, Fairfield VIC 3078",restaurant,fairfield,,+61 3 9489 0494,https://www.okamirestaurant.com.au/,https://www.openstreetmap.org/node/5587634144,2026-07-15,pending_review,Imported from OpenStreetMap.
Trapezi,"145B Station Street, Fairfield VIC 3078",restaurant,fairfield,,+61 3 9489 0080,,https://www.openstreetmap.org/node/5587634145,2026-07-15,pending_review,Imported from OpenStreetMap.
Art Rugs Melbourne,"137 Station Street, Fairfield VIC 3078",carpet,fairfield,,+61 413 811 924,https://artrugs.com.au/,https://www.openstreetmap.org/node/5587634147,2026-07-15,pending_review,Imported from OpenStreetMap.
Gusto Bakery,"139A Station Street, Fairfield VIC 3078",bakery,fairfield,,+61 3 9486 3274,,https://www.openstreetmap.org/node/5587634148,2026-07-15,pending_review,Imported from OpenStreetMap.
Prestige Nails and Beauty Salon,"139A Station Street, Fairfield VIC 3078",beauty,fairfield,,+61 478 186 171,,https://www.openstreetmap.org/node/5587634149,2026-07-15,pending_review,Imported from OpenStreetMap.
Mei Hair Salon,"141 Station Street, Fairfield VIC 3078",hairdresser,fairfield,,+61 3 9489 8886,,https://www.openstreetmap.org/node/5587634150,2026-07-15,pending_review,Imported from OpenStreetMap.
Brazen Brownies and Dessert Bar,"141A Station Street, Fairfield VIC 3078",cafe,fairfield,,+61 3 9486 1415,,https://www.openstreetmap.org/node/5587634151,2026-07-15,pending_review,Imported from OpenStreetMap.
Cardamones Food and Wine,"143 Station Street, Fairfield VIC 3078",supermarket,fairfield,,+61 3 9481 0586,,https://www.openstreetmap.org/node/5587634152,2026-07-15,pending_review,Imported from OpenStreetMap.
The Hub,"133 Station Street, Fairfield VIC 3078",health-food,fairfield,,+61 3 9486 2655,,https://www.openstreetmap.org/node/5591497462,2026-07-15,pending_review,Imported from OpenStreetMap.
Kaias Phillips,"129 Station Street, Fairfield VIC 3078",lawyer,fairfield,,+61 3 9489 5888,,https://www.openstreetmap.org/node/5591497463,2026-07-15,pending_review,Imported from OpenStreetMap.
Dellios West and Co,"131 Station Street, Fairfield VIC 3078",lawyer,fairfield,,+61 3 9489 7300,,https://www.openstreetmap.org/node/5591497464,2026-07-15,pending_review,Imported from OpenStreetMap.
Str'eat Pho,"129A Station Street, Fairfield VIC 3078",restaurant,fairfield,,+61 3 9482 7338,https://www.streatpho.com/,https://www.openstreetmap.org/node/5591497465,2026-07-15,pending_review,Imported from OpenStreetMap.
Three Locals,"127 Station Street, Fairfield VIC 3078",cafe,fairfield,,+61 3 9078 6579,,https://www.openstreetmap.org/node/5591497466,2026-07-15,pending_review,Imported from OpenStreetMap.
Nelly's Ark,"125 Station Street, Fairfield VIC 3078",pet,fairfield,,+61 3 9486 5859,https://www.nellysark.com.au/,https://www.openstreetmap.org/node/5591497467,2026-07-15,pending_review,Imported from OpenStreetMap.
5 Elements,"119A Station Street, Fairfield VIC 3078",clothes,fairfield,,+61 3 9481 8885,,https://www.openstreetmap.org/node/5591497469,2026-07-15,pending_review,Imported from OpenStreetMap.
Fairfield Books,"117A Station Street, Fairfield VIC 3078",books,fairfield,,+61 3 9017 4748,,https://www.openstreetmap.org/node/5591497470,2026-07-15,pending_review,Imported from OpenStreetMap.
Flight Centre,"117B Station Street, Fairfield VIC 3078",travel-agency,fairfield,,,,https://www.openstreetmap.org/node/5591497471,2026-07-15,pending_review,Imported from OpenStreetMap.
Thomas Quixley Fairfield,"113 Station Street, Fairfield VIC 3078",estate-agent,fairfield,,+61 3 9489 0555,,https://www.openstreetmap.org/node/5591497472,2026-07-15,pending_review,Imported from OpenStreetMap.
Spitaki Souvlaki,"115 Station Street, Fairfield VIC 3078",fast-food,fairfield,,+61 3 9482 5701,https://spitakosouvlaki.com,https://www.openstreetmap.org/node/5591497473,2026-07-15,pending_review,Imported from OpenStreetMap.
R. Macdonald Orologist,"17 Railway Place, Fairfield VIC 3078",clockmaker,fairfield,,+61 3 9077 5669,,https://www.openstreetmap.org/node/5610482979,2026-07-15,pending_review,Imported from OpenStreetMap.
Windiate Architects Pty Ltd,"27 Railway Place, Fairfield VIC 3078",architect,fairfield,,+61 3 9078 6469,https://windiatearchitects.com.au/,https://www.openstreetmap.org/node/5610482981,2026-07-15,pending_review,Imported from OpenStreetMap.
B M Replacements Pty Ltd,"77 Station Street, Fairfield VIC 3078",car-parts,fairfield,,+61 3 9482 5833,,https://www.openstreetmap.org/node/5610494631,2026-07-15,pending_review,Imported from OpenStreetMap.
Ross's Quality Nuts,65 Chifley Drive,nuts,darebin,sales@rqn.com.au,+61 3 9480 4111,https://rqn.com.au/index.php,https://www.openstreetmap.org/node/5613323772,2026-07-15,pending_review,Imported from OpenStreetMap.
M's Cafe,"The Centreway, Preston VIC 3072",cafe,preston,,,,https://www.openstreetmap.org/node/5627332763,2026-07-15,pending_review,Imported from OpenStreetMap.
Tammy's Borek,"27 Mary Street, Preston VIC 3072",cafe,preston,,,,https://www.openstreetmap.org/node/5627333954,2026-07-15,pending_review,Imported from OpenStreetMap.
Peter's Pizza and Takeaway,"The Centreway, Preston VIC 3072",fast-food,preston,,+61 3 9478 1793,,https://www.openstreetmap.org/node/5638787971,2026-07-15,pending_review,Imported from OpenStreetMap.
Calavera Cafe,"The Centreway, Preston VIC 3072",cafe,preston,,+61 3 9478 2443,,https://www.openstreetmap.org/node/5638787972,2026-07-15,pending_review,Imported from OpenStreetMap.
Ishtar Borek and Falafel,,fast-food,darebin,,+61 455 301 250,,https://www.openstreetmap.org/node/5638787973,2026-07-15,pending_review,Imported from OpenStreetMap.
Drums,,fast-food,darebin,,,,https://www.openstreetmap.org/node/5638787974,2026-07-15,pending_review,Imported from OpenStreetMap.
Preston Market Management,,company,darebin,,,,https://www.openstreetmap.org/node/5638787975,2026-07-15,pending_review,Imported from OpenStreetMap.
South Melbourne Market Dim Sim,"The Centreway, Preston VIC 3072",fast-food,preston,,,,https://www.openstreetmap.org/node/5638787976,2026-07-15,pending_review,Imported from OpenStreetMap.
Publique Bakery,"The Centreway, Preston VIC 3072",bakery,preston,,,https://www.publiquebakery.com/,https://www.openstreetmap.org/node/5638787977,2026-07-15,pending_review,Imported from OpenStreetMap.
Croque'n'Roll,"The Centreway, Preston VIC 3072",fast-food,preston,,,,https://www.openstreetmap.org/node/5638787978,2026-07-15,pending_review,Imported from OpenStreetMap.
Cannoleria,"The Centreway, Preston VIC 3072",pastry,preston,,,https://www.cannoleriabythatsamore.com.au/,https://www.openstreetmap.org/node/5638787979,2026-07-15,pending_review,Imported from OpenStreetMap.
Steve's Silver and Stones,"The Centreway, Preston VIC 3072",jewelry,preston,,,,https://www.openstreetmap.org/node/5638787980,2026-07-15,pending_review,Imported from OpenStreetMap.
At Cocoon Home,"The Centreway, Preston VIC 3072",houseware,preston,,,,https://www.openstreetmap.org/node/5638787981,2026-07-15,pending_review,Imported from OpenStreetMap.
Super Raw,"The Centreway, Preston VIC 3072",fast-food,preston,,,https://superrawmelbourne.com.au/,https://www.openstreetmap.org/node/5638787982,2026-07-15,pending_review,Imported from OpenStreetMap.
Saltylicious,The Strand,chemist,darebin,,,https://www.saltylicious.com/,https://www.openstreetmap.org/node/5638787983,2026-07-15,pending_review,Imported from OpenStreetMap.
Les Crepes Gourmandes,"Pam Lane, Preston VIC 3072",cafe,preston,,,,https://www.openstreetmap.org/node/5638787984,2026-07-15,pending_review,Imported from OpenStreetMap.
Dannie,"Pam Lane, Preston VIC 3072",houseware,preston,,,,https://www.openstreetmap.org/node/5638787986,2026-07-15,pending_review,Imported from OpenStreetMap.
Tan's Greenhouse,,florist,preston,,,,https://www.openstreetmap.org/node/5638787991,2026-07-15,pending_review,Imported from OpenStreetMap.
Golden Doors,,houseware,preston,,,,https://www.openstreetmap.org/node/5638787992,2026-07-15,pending_review,Imported from OpenStreetMap.
Rock Paper Scissors,,hairdresser,preston,,,,https://www.openstreetmap.org/node/5638787993,2026-07-15,pending_review,Imported from OpenStreetMap.
S. S. Hair Studio,,hairdresser,preston,,,,https://www.openstreetmap.org/node/5638787994,2026-07-15,pending_review,Imported from OpenStreetMap.
Sweet Party Supplies,"1-2 The Strand, Preston VIC 3072",variety-store,preston,,,,https://www.openstreetmap.org/node/5638787995,2026-07-15,pending_review,Imported from OpenStreetMap.
Cornutopia,"Cook Street, Preston VIC 3072",fast-food,preston,,,,https://www.openstreetmap.org/node/5638787996,2026-07-15,pending_review,Imported from OpenStreetMap.
Green and Gold Flowers,"The Centreway, Preston VIC 3072",florist,preston,,,,https://www.openstreetmap.org/node/5638787997,2026-07-15,pending_review,Imported from OpenStreetMap.
Panetteria No. 4,"The Centreway, Preston VIC 3072",bakery,preston,,,,https://www.openstreetmap.org/node/5638805270,2026-07-15,pending_review,Imported from OpenStreetMap.
Rustic Bean,"The Centreway, Preston VIC 3072",cafe,preston,,,,https://www.openstreetmap.org/node/5638805272,2026-07-15,pending_review,Imported from OpenStreetMap.
Pasquales Cafe,"The Centreway, Preston VIC 3072",cafe,preston,,,,https://www.openstreetmap.org/node/5638805273,2026-07-15,pending_review,Imported from OpenStreetMap.
Coffee Centre,,coffee,darebin,,,,https://www.openstreetmap.org/node/5638805274,2026-07-15,pending_review,Imported from OpenStreetMap.
Preston Sushi Bar,,fast-food,darebin,,,,https://www.openstreetmap.org/node/5638805275,2026-07-15,pending_review,Imported from OpenStreetMap.
Deli+,,deli,preston,,,,https://www.openstreetmap.org/node/5638805276,2026-07-15,pending_review,Imported from OpenStreetMap.
Julie Take Away,,fast-food,darebin,,,,https://www.openstreetmap.org/node/5638805277,2026-07-15,pending_review,Imported from OpenStreetMap.
Farinacci Deli,,deli,preston,,,,https://www.openstreetmap.org/node/5638805278,2026-07-15,pending_review,Imported from OpenStreetMap.
Pegani's,,cafe,preston,,,https://www.facebook.com/people/Peganis/100089340046784/,https://www.openstreetmap.org/node/5638805279,2026-07-15,pending_review,Imported from OpenStreetMap.
J & T Vasilevski Fruit and Vegetables,"The Centreway, Preston VIC 3072",greengrocer,preston,,,,https://www.openstreetmap.org/node/5638857294,2026-07-15,pending_review,Imported from OpenStreetMap.
Chau Tan Hung Grocery,The Centreway,greengrocer,darebin,,+61 3 9478 7129,,https://www.openstreetmap.org/node/5638857295,2026-07-15,pending_review,Imported from OpenStreetMap.
Camuglia and Sons,"The Centreway, Preston VIC 3072",greengrocer,preston,,,,https://www.openstreetmap.org/node/5638857296,2026-07-15,pending_review,Imported from OpenStreetMap.
Gencarelli Fruit Supplies,"The Centreway, Preston VIC 3072",greengrocer,preston,,,,https://www.openstreetmap.org/node/5638857297,2026-07-15,pending_review,Imported from OpenStreetMap.
C & H Fruit and Vegetables,"The Centreway, Preston VIC 3072",greengrocer,preston,,,,https://www.openstreetmap.org/node/5638857298,2026-07-15,pending_review,Imported from OpenStreetMap.
Egg and Pure Honey,,greengrocer,preston,,,,https://www.openstreetmap.org/node/5638857299,2026-07-15,pending_review,Imported from OpenStreetMap.
J & M Fruit Supply,,greengrocer,preston,,,,https://www.openstreetmap.org/node/5638857300,2026-07-15,pending_review,Imported from OpenStreetMap.
Fresh Daily Gozleme,"Mary Street, Preston VIC 3072",fast-food,preston,,,,https://www.openstreetmap.org/node/5638857301,2026-07-15,pending_review,Imported from OpenStreetMap.
Vinzenzos Bakery,"Earle Street, Preston VIC 3072",bakery,preston,,,,https://www.openstreetmap.org/node/5638857302,2026-07-15,pending_review,Imported from OpenStreetMap.
Vinnies Half Price Pizza,"Earle Street, Preston VIC 3072",fast-food,preston,,,,https://www.openstreetmap.org/node/5638857303,2026-07-15,pending_review,Imported from OpenStreetMap.
Slavonija Deli,,deli,preston,,,,https://www.openstreetmap.org/node/5638857304,2026-07-15,pending_review,Imported from OpenStreetMap.
Traditional Tasty Treats,"The Strand, Preston VIC 3072",pastry,preston,,,,https://www.openstreetmap.org/node/5638857305,2026-07-15,pending_review,Imported from OpenStreetMap.
Preston Seafood,,seafood,preston,,,,https://www.openstreetmap.org/node/5640738690,2026-07-15,pending_review,Imported from OpenStreetMap.
Preston Hai Xuong Seafoods,,seafood,preston,,,,https://www.openstreetmap.org/node/5640738691,2026-07-15,pending_review,Imported from OpenStreetMap.
Joe's Quality Corner,,butcher,preston,,,,https://www.openstreetmap.org/node/5640738693,2026-07-15,pending_review,Imported from OpenStreetMap.
Mario's Meats,,butcher,preston,,,,https://www.openstreetmap.org/node/5640738694,2026-07-15,pending_review,Imported from OpenStreetMap.
Dens Quality Meats,,butcher,preston,,,,https://www.openstreetmap.org/node/5640738695,2026-07-15,pending_review,Imported from OpenStreetMap.
Vinh Hung Butcher,,butcher,preston,,,,https://www.openstreetmap.org/node/5640738696,2026-07-15,pending_review,Imported from OpenStreetMap.
Danh Than Hung Meats,,butcher,preston,,,,https://www.openstreetmap.org/node/5640738697,2026-07-15,pending_review,Imported from OpenStreetMap.
Ocean Catch,,seafood,preston,,,,https://www.openstreetmap.org/node/5640738698,2026-07-15,pending_review,Imported from OpenStreetMap.
George's Meats,,butcher,preston,,,,https://www.openstreetmap.org/node/5640738699,2026-07-15,pending_review,Imported from OpenStreetMap.
Tien Hung Butcher,,butcher,preston,,,,https://www.openstreetmap.org/node/5640738700,2026-07-15,pending_review,Imported from OpenStreetMap.
Oscar's Poultry,,butcher,preston,,,,https://www.openstreetmap.org/node/5640738703,2026-07-15,pending_review,Imported from OpenStreetMap.
S & K Kapsalakis Seafoods,,seafood,preston,,,,https://www.openstreetmap.org/node/5640738704,2026-07-15,pending_review,Imported from OpenStreetMap.
Jetty Fresh Seafood,,seafood,preston,,,,https://www.openstreetmap.org/node/5640738707,2026-07-15,pending_review,Imported from OpenStreetMap.
Poultry Corner,,butcher,preston,,,,https://www.openstreetmap.org/node/5640738708,2026-07-15,pending_review,Imported from OpenStreetMap.
Preston Thai Xuong Poultry,,butcher,preston,,,,https://www.openstreetmap.org/node/5640738709,2026-07-15,pending_review,Imported from OpenStreetMap.
Nick's Proud Chicks,,butcher,preston,,,,https://www.openstreetmap.org/node/5640738710,2026-07-15,pending_review,Imported from OpenStreetMap.
Dimitri's Fresh Poultry,,butcher,preston,,,,https://www.openstreetmap.org/node/5640738711,2026-07-15,pending_review,Imported from OpenStreetMap.
Lien Thanh Butcher,,butcher,preston,,,,https://www.openstreetmap.org/node/5640738712,2026-07-15,pending_review,Imported from OpenStreetMap.
Tan Xuong Butcher,,butcher,preston,,,,https://www.openstreetmap.org/node/5640738713,2026-07-15,pending_review,Imported from OpenStreetMap.
Preston Free Range Poultry & Game,,butcher,preston,,,,https://www.openstreetmap.org/node/5640738714,2026-07-15,pending_review,Imported from OpenStreetMap.
Shing Hing Butchers,,butcher,preston,,,,https://www.openstreetmap.org/node/5640738715,2026-07-15,pending_review,Imported from OpenStreetMap.
I Love Churros,"Earle Street, Preston VIC 3072",confectionery,preston,,,,https://www.openstreetmap.org/node/5640849163,2026-07-15,pending_review,Imported from OpenStreetMap.
San Pierre Fashion,,clothes,preston,,,,https://www.openstreetmap.org/node/5640849164,2026-07-15,pending_review,Imported from OpenStreetMap.
Candy's Lingerie,,clothes,preston,,,,https://www.openstreetmap.org/node/5640849165,2026-07-15,pending_review,Imported from OpenStreetMap.
Preston Leather Goods & Accessories,,leather,preston,,,,https://www.openstreetmap.org/node/5640849166,2026-07-15,pending_review,Imported from OpenStreetMap.
Sofina Clearance Centre,,clothes,preston,,,,https://www.openstreetmap.org/node/5640849167,2026-07-15,pending_review,Imported from OpenStreetMap.
Lay Fashions,,clothes,preston,,,,https://www.openstreetmap.org/node/5640849168,2026-07-15,pending_review,Imported from OpenStreetMap.
Lucky Draw Lotto,,lottery,preston,,,,https://www.openstreetmap.org/node/5640849169,2026-07-15,pending_review,Imported from OpenStreetMap.
Ink Spot,,stationery,preston,,,,https://www.openstreetmap.org/node/5640849170,2026-07-15,pending_review,Imported from OpenStreetMap.
JSP UGG,,clothes,preston,,,,https://www.openstreetmap.org/node/5640849171,2026-07-15,pending_review,Imported from OpenStreetMap.
SK Childrenswear,,clothes,preston,,,,https://www.openstreetmap.org/node/5640849172,2026-07-15,pending_review,Imported from OpenStreetMap.
Sunrisia Phone Accessories & Repairs,,mobile-phone,preston,,,,https://www.openstreetmap.org/node/5640849173,2026-07-15,pending_review,Imported from OpenStreetMap.
Bella Watches and Gifts,,variety-store,preston,,,,https://www.openstreetmap.org/node/5640849174,2026-07-15,pending_review,Imported from OpenStreetMap.
Centreway Electrical,"The Centreway, Preston VIC 3072",electronics,preston,,,,https://www.openstreetmap.org/node/5640849175,2026-07-15,pending_review,Imported from OpenStreetMap.
The Little Bargain Shop,,variety-store,preston,,,,https://www.openstreetmap.org/node/5640849176,2026-07-15,pending_review,Imported from OpenStreetMap.
Hidden Beauty Cosmetics,"Earle Street, Preston VIC 3072",cosmetics,preston,,,,https://www.openstreetmap.org/node/5640849177,2026-07-15,pending_review,Imported from OpenStreetMap.
Spot On Watch and Shoe Repair,"Earle Street, Preston VIC 3072",shoemaker,preston,,,,https://www.openstreetmap.org/node/5640849178,2026-07-15,pending_review,Imported from OpenStreetMap.
Indian Tree,"Earle Street, Preston VIC 3072",variety-store,preston,,,,https://www.openstreetmap.org/node/5640849179,2026-07-15,pending_review,Imported from OpenStreetMap.
Touch Down,,variety-store,preston,,,,https://www.openstreetmap.org/node/5640849180,2026-07-15,pending_review,Imported from OpenStreetMap.
Cane Scent-sation,,variety-store,preston,,,,https://www.openstreetmap.org/node/5640849181,2026-07-15,pending_review,Imported from OpenStreetMap.
Preston Kitchen and Gifts,,houseware,preston,,,,https://www.openstreetmap.org/node/5640849182,2026-07-15,pending_review,Imported from OpenStreetMap.
Florence Footwear,,shoes,preston,,,,https://www.openstreetmap.org/node/5640849183,2026-07-15,pending_review,Imported from OpenStreetMap.
Rose Fashions,,clothes,preston,,,,https://www.openstreetmap.org/node/5640849184,2026-07-15,pending_review,Imported from OpenStreetMap.
Afghan Bazaar,,clothes,preston,,,,https://www.openstreetmap.org/node/5640849185,2026-07-15,pending_review,Imported from OpenStreetMap.
Picture Perfect,,variety-store,preston,,,,https://www.openstreetmap.org/node/5640849186,2026-07-15,pending_review,Imported from OpenStreetMap.
Ruthven Pizza,"14 Carson Street, Reservoir VIC 3073",fast-food,reservoir,,+61 3 9462 1777,,https://www.openstreetmap.org/node/5655109640,2026-07-15,pending_review,Imported from OpenStreetMap.
Win Win Chinese Restaurant,"90 McFadzean Avenue, Reservoir VIC 3073",restaurant,reservoir,,+61 3 9460 3231,,https://www.openstreetmap.org/node/5655269504,2026-07-15,pending_review,Imported from OpenStreetMap.
Fruit and Vegetables,"92 McFadzean Avenue, Reservoir VIC 3073",greengrocer,reservoir,,,,https://www.openstreetmap.org/node/5655269505,2026-07-15,pending_review,Imported from OpenStreetMap.
McFadzean Super Lotto,"94 McFadzean Avenue, Reservoir VIC 3073",lottery,reservoir,,+61 3 9469 3839,,https://www.openstreetmap.org/node/5655269506,2026-07-15,pending_review,Imported from OpenStreetMap.
Santosh Hair House of Beauty,"95 Hughes Parade, Reservoir VIC 3073",hairdresser,reservoir,,+61 3 9460 4668,,https://www.openstreetmap.org/node/5655269508,2026-07-15,pending_review,Imported from OpenStreetMap.
Seven Days Food Store,"91 Hughes Parade, Reservoir VIC 3073",supermarket,reservoir,,,,https://www.openstreetmap.org/node/5655269509,2026-07-15,pending_review,Imported from OpenStreetMap.
Seven Day Convenience Store,,convenience,darebin,,,,https://www.openstreetmap.org/node/5665132883,2026-07-15,pending_review,Imported from OpenStreetMap.
Tropical Chicken,"88B Strathmerton Street, Reservoir VIC 3073",fast-food,reservoir,,,,https://www.openstreetmap.org/node/5665132889,2026-07-15,pending_review,Imported from OpenStreetMap.
Iris Bridal,"88 Strathmerton Street, Reservoir VIC 3073",clothes,reservoir,,,,https://www.openstreetmap.org/node/5665132896,2026-07-15,pending_review,Imported from OpenStreetMap.
Bella Nina Pizza and Pasta,"168 Boldrewood Parade, Reservoir VIC 3073",restaurant,reservoir,,+61 3 9462 6337,https://bellaninapizzapasta.com.au/,https://www.openstreetmap.org/node/5665150159,2026-07-15,pending_review,Imported from OpenStreetMap.
Banff Street Fish and Chips,"61 Banff Street, Reservoir VIC 3073",fast-food,reservoir,,,,https://www.openstreetmap.org/node/5665163260,2026-07-15,pending_review,Imported from OpenStreetMap.
Keon Park Distribution,"57 Banff Street, Reservoir VIC 3073",company,reservoir,,,,https://www.openstreetmap.org/node/5665163264,2026-07-15,pending_review,Imported from OpenStreetMap.
Tre Bambinis Italian Restaurant,,restaurant,darebin,,+61 3 9469 3330,https://trebambinis.com.au/,https://www.openstreetmap.org/node/5665163265,2026-07-15,pending_review,Imported from OpenStreetMap.
Gertz Meat Supply,"36 Gertz Avenue, Reservoir VIC 3073",butcher,reservoir,,+61 3 9469 3644,,https://www.openstreetmap.org/node/5665199283,2026-07-15,pending_review,Imported from OpenStreetMap.
Manila Bread Bakery and Cafe,"40 Gertz Avenue, Reservoir VIC 3073",bakery,reservoir,,+61 3 9460 5262,,https://www.openstreetmap.org/node/5665199285,2026-07-15,pending_review,Imported from OpenStreetMap.
Super M Pressing Service,"44 Gertz Avenue, Reservoir VIC 3073",dry-cleaning,reservoir,,,,https://www.openstreetmap.org/node/5665199287,2026-07-15,pending_review,Imported from OpenStreetMap.
Dee'z Delicacy,"48 Gertz Avenue, Reservoir VIC 3073",fast-food,reservoir,,+61 426 840 137,https://deezdelicacy.com.au,https://www.openstreetmap.org/node/5665199289,2026-07-15,pending_review,Imported from OpenStreetMap.
Cultural Catering,"50 Gertz Avenue, Reservoir VIC 3073",caterer,reservoir,,,,https://www.openstreetmap.org/node/5665199290,2026-07-15,pending_review,Imported from OpenStreetMap.
Avanti,"54 Gertz Avenue, Reservoir VIC 3073",caterer,reservoir,,,,https://www.openstreetmap.org/node/5665199292,2026-07-15,pending_review,Imported from OpenStreetMap.
K9 Design Studio,"56 Gertz Avenue, Reservoir VIC 3073",pet-grooming,reservoir,,+61 3 9462 0101,,https://www.openstreetmap.org/node/5665199293,2026-07-15,pending_review,Imported from OpenStreetMap.
The Talk Shop,"60 Gertz Avenue, Reservoir VIC 3073",clinic,reservoir,,,https://thetalkshop.com.au/,https://www.openstreetmap.org/node/5665199295,2026-07-15,pending_review,Imported from OpenStreetMap.
Gertz Avenue Pharmacy,"62 Gertz Avenue, Reservoir VIC 3073",pharmacy,reservoir,,+61 3 9469 5292,,https://www.openstreetmap.org/node/5665199296,2026-07-15,pending_review,Imported from OpenStreetMap.
Gong De Lin,"469 High Street, Preston VIC 3072",restaurant,preston,,+61 3 9478 8885,https://www.gongdelin.com.au/,https://www.openstreetmap.org/node/5674121266,2026-07-15,pending_review,Imported from OpenStreetMap.
La Panella,"465-467 High Street, Preston VIC 3072",bakery,preston,,+61 3 9478 4443,,https://www.openstreetmap.org/node/5674121267,2026-07-15,pending_review,Imported from OpenStreetMap.
Hot Bargains,"463 High Street, Preston VIC 3072",variety-store,preston,,+61 3 9470 4221,,https://www.openstreetmap.org/node/5674121268,2026-07-15,pending_review,Imported from OpenStreetMap.
Spectacles Galore,"453 High Street, Preston VIC 3072",optician,preston,,+61 3 9470 5212,,https://www.openstreetmap.org/node/5674121273,2026-07-15,pending_review,Imported from OpenStreetMap.
Nan Yang Food Stall,"451 High Street, Preston VIC 3072",restaurant,preston,,,,https://www.openstreetmap.org/node/5674121274,2026-07-15,pending_review,Imported from OpenStreetMap.
Hi Hot Pot,"449 High Street, Preston VIC 3072",restaurant,preston,,,,https://www.openstreetmap.org/node/5674121275,2026-07-15,pending_review,Imported from OpenStreetMap.
Pho Hung,"447 High Street, Preston VIC 3072",restaurant,preston,,+61 3 9470 1588,,https://www.openstreetmap.org/node/5674121276,2026-07-15,pending_review,Imported from OpenStreetMap.
Quoc Te United Asian Food Stores,"445 High Street, Preston VIC 3072",supermarket,preston,,+61 3 9470 1588,,https://www.openstreetmap.org/node/5674121277,2026-07-15,pending_review,Imported from OpenStreetMap.
Hung Sanh Seafood Barbeque Restaurant,"443 High Street, Preston VIC 3072",restaurant,preston,,+61 3 9471 3853,,https://www.openstreetmap.org/node/5674121278,2026-07-15,pending_review,Imported from OpenStreetMap.
Dong Thinh International Food Store,"441 High Street, Preston VIC 3072",supermarket,preston,,,,https://www.openstreetmap.org/node/5674121279,2026-07-15,pending_review,Imported from OpenStreetMap.
Big 8 Asian Foods,"439 High Street, Preston VIC 3072",supermarket,preston,,,,https://www.openstreetmap.org/node/5674121280,2026-07-15,pending_review,Imported from OpenStreetMap.
C-Culture Chinese Restaurant,"437 High Street, Preston VIC 3072",restaurant,preston,,+61 3 9471 3633,,https://www.openstreetmap.org/node/5674121281,2026-07-15,pending_review,Imported from OpenStreetMap.
Preston Discount Pharmacy,"431 High Street, Preston VIC 3072",pharmacy,preston,,+61 3 9470 4167,,https://www.openstreetmap.org/node/5674121283,2026-07-15,pending_review,Imported from OpenStreetMap.
Breadzone,"429 High Street, Preston VIC 3072",bakery,preston,,,,https://www.openstreetmap.org/node/5674121284,2026-07-15,pending_review,Imported from OpenStreetMap.
Breadtop,"427 High Street, Preston VIC 3072",bakery,preston,,,,https://www.openstreetmap.org/node/5674121285,2026-07-15,pending_review,Imported from OpenStreetMap.
Preston Halal Meats,"425 High Street, Preston VIC 3072",butcher,preston,,+61 3 9471 8281,,https://www.openstreetmap.org/node/5674121286,2026-07-15,pending_review,Imported from OpenStreetMap.
Teaser,"423 High Street, Preston VIC 3072",cafe,preston,,+61 3 9478 9707,,https://www.openstreetmap.org/node/5674121287,2026-07-15,pending_review,Imported from OpenStreetMap.
888 Supermarket,"415 High Street, Preston VIC 3072",supermarket,preston,,,,https://www.openstreetmap.org/node/5674121288,2026-07-15,pending_review,Imported from OpenStreetMap.
Phuong Nam Restaurant,"411 High Street, Preston VIC 3072",restaurant,preston,,+61 3 9478 9988,,https://www.openstreetmap.org/node/5674121289,2026-07-15,pending_review,Imported from OpenStreetMap.
Medipharmacy Discount Chemist,"407 High Street, Preston VIC 3072",pharmacy,preston,,+61 3 9471 2056,,https://www.openstreetmap.org/node/5674121290,2026-07-15,pending_review,Imported from OpenStreetMap.
Town Hall Lotto,"403 High Street, Preston VIC 3072",lottery,preston,,+61 3 9478 3219,,https://www.openstreetmap.org/node/5674121293,2026-07-15,pending_review,Imported from OpenStreetMap.
L'Amour's Nails,"401 High Street, Preston VIC 3072",beauty,preston,,,,https://www.openstreetmap.org/node/5674121294,2026-07-15,pending_review,Imported from OpenStreetMap.
Preston Hair Shop,"399 High Street, Preston VIC 3072",hairdresser,preston,,,,https://www.openstreetmap.org/node/5674121295,2026-07-15,pending_review,Imported from OpenStreetMap.
Tina's Hot Bread,"397 High Street, Preston VIC 3072",bakery,preston,,,,https://www.openstreetmap.org/node/5674121296,2026-07-15,pending_review,Imported from OpenStreetMap.
Ta Dah Juice Bar,,fast-food,darebin,,,,https://www.openstreetmap.org/node/5674121297,2026-07-15,pending_review,Imported from OpenStreetMap.
Doggywood,"35 Massey Avenue, Reservoir VIC 3073",pet-grooming,reservoir,,+61 3 9460 9449,,https://www.openstreetmap.org/node/5689096307,2026-07-15,pending_review,Imported from OpenStreetMap.
Red Rooster,,fast-food,darebin,,,,https://www.openstreetmap.org/node/5703798598,2026-07-15,pending_review,Imported from OpenStreetMap.
Sharetea,,beverages,darebin,,,,https://www.openstreetmap.org/node/5710334327,2026-07-15,pending_review,Imported from OpenStreetMap.
Nuts about tella,,fast-food,darebin,,,,https://www.openstreetmap.org/node/5710334373,2026-07-15,pending_review,Imported from OpenStreetMap.
Thanh Thanh,,restaurant,darebin,,,,https://www.openstreetmap.org/node/5710334374,2026-07-15,pending_review,Imported from OpenStreetMap.
Bar 303,303 High Street,bar,darebin,,,,https://www.openstreetmap.org/node/5794839053,2026-07-15,pending_review,Imported from OpenStreetMap.
Sijori Malay Eatery,,restaurant,darebin,,,,https://www.openstreetmap.org/node/5806426443,2026-07-15,pending_review,Imported from OpenStreetMap.
Korean Eatery,,restaurant,darebin,,,,https://www.openstreetmap.org/node/5806426445,2026-07-15,pending_review,Imported from OpenStreetMap.
Lan Chow,,restaurant,darebin,,,,https://www.openstreetmap.org/node/5806426447,2026-07-15,pending_review,Imported from OpenStreetMap.
Mei's Hotpot Dips,,restaurant,darebin,,,,https://www.openstreetmap.org/node/5806426452,2026-07-15,pending_review,Imported from OpenStreetMap.
Jessie Hair Nails,,beauty,darebin,,,,https://www.openstreetmap.org/node/5806427454,2026-07-15,pending_review,Imported from OpenStreetMap.
Healthy Fusion,,restaurant,darebin,,,,https://www.openstreetmap.org/node/5806427460,2026-07-15,pending_review,Imported from OpenStreetMap.
Holiday XP,,travel-agency,darebin,,,,https://www.openstreetmap.org/node/5806427470,2026-07-15,pending_review,Imported from OpenStreetMap.
Giorgio's Charcoal Chicken,,restaurant,darebin,,,,https://www.openstreetmap.org/node/5806427476,2026-07-15,pending_review,Imported from OpenStreetMap.
Fat boy's Philly's,,restaurant,darebin,,,,https://www.openstreetmap.org/node/5806427477,2026-07-15,pending_review,Imported from OpenStreetMap.
Tea More,,beverages,darebin,,,,https://www.openstreetmap.org/node/5806427479,2026-07-15,pending_review,Imported from OpenStreetMap.
Yokoso Izakaya,"384 High Street, VIC 3070",restaurant,darebin,,,https://www.yokoso-izakaya.com/,https://www.openstreetmap.org/node/5806706862,2026-07-15,pending_review,Imported from OpenStreetMap.
ASV Bakehouse,392 High Street,cafe,darebin,,+61 430 050 488,,https://www.openstreetmap.org/node/5806706863,2026-07-15,pending_review,Imported from OpenStreetMap.
Hair By Epique,"405 High Street, VIC 3070",hairdresser,darebin,,,,https://www.openstreetmap.org/node/5806706865,2026-07-15,pending_review,Imported from OpenStreetMap.
The Hair Establishment,376 High Street,hairdresser,darebin,,+61 3 9193 2585,,https://www.openstreetmap.org/node/5806706869,2026-07-15,pending_review,Imported from OpenStreetMap.
Dan's Deli,"382 High Street, VIC 3070",cafe,darebin,,,https://dansdeli.au/,https://www.openstreetmap.org/node/5806706870,2026-07-15,pending_review,Imported from OpenStreetMap.
Ray White,"405 High Street, VIC 3070",estate-agent,darebin,,,,https://www.openstreetmap.org/node/5806706873,2026-07-15,pending_review,Imported from OpenStreetMap.
Mortgage Choice,"405 High Street, VIC 3070",financial,darebin,,,,https://www.openstreetmap.org/node/5806706874,2026-07-15,pending_review,Imported from OpenStreetMap.
Frank's Hairdressings,372 High Street,hairdresser,darebin,,,,https://www.openstreetmap.org/node/5806706876,2026-07-15,pending_review,Imported from OpenStreetMap.
Le Mia,"378 High Street, VIC 3070",pet-grooming,darebin,,,https://www.lemiapetgrooming.com.au/,https://www.openstreetmap.org/node/5806706877,2026-07-15,pending_review,Imported from OpenStreetMap.
Raw Edge,"386 High Street, VIC 3070",hairdresser,darebin,,,https://www.rawedgehb.com.au/,https://www.openstreetmap.org/node/5806706878,2026-07-15,pending_review,Imported from OpenStreetMap.
Thornbury Records,"374 High Street, VIC 3070",music,darebin,,,https://www.thornburyrecords.com/,https://www.openstreetmap.org/node/5806706885,2026-07-15,pending_review,Imported from OpenStreetMap.
Spotlight,,fabric,darebin,,,https://www.spotlightstores.com/,https://www.openstreetmap.org/node/5905412644,2026-07-15,pending_review,Imported from OpenStreetMap.
Murray Road Medical Centre,,doctors,darebin,,,,https://www.openstreetmap.org/node/5921917896,2026-07-15,pending_review,Imported from OpenStreetMap.
Kingsbury Pharmacy,9 Link Street,pharmacy,darebin,,+61 3 9469 3220,,https://www.openstreetmap.org/node/5925846521,2026-07-15,pending_review,Imported from OpenStreetMap.
High Street Medical and Dentist Centre Preston,"520-538 High Street, Preston VIC 3072",clinic,preston,,+61 3 9092 2222,https://www.highstreetmedicalanddental.com.au/,https://www.openstreetmap.org/node/5928259297,2026-07-15,pending_review,Imported from OpenStreetMap.
Corner Take Away,,cafe,darebin,,,,https://www.openstreetmap.org/node/5928341153,2026-07-15,pending_review,Imported from OpenStreetMap.
Red Engine,,kiosk,darebin,,,,https://www.openstreetmap.org/node/5933563818,2026-07-15,pending_review,Imported from OpenStreetMap.
Hearing Australia,"397 High Street, VIC 3070",hearing-aids,darebin,,,https://www.hearing.com.au/Our-services/Find-a-Hearing-Centre/VIC/Northcote,https://www.openstreetmap.org/node/5974776345,2026-07-15,pending_review,Imported from OpenStreetMap.
Moss,"395 High Street, VIC 3070",estate-agent,darebin,,,https://www.mossea.com.au/,https://www.openstreetmap.org/node/5974776348,2026-07-15,pending_review,Imported from OpenStreetMap.
Mr Lee,,restaurant,darebin,,,,https://www.openstreetmap.org/node/6014936015,2026-07-15,pending_review,Imported from OpenStreetMap.
Flamed Charcoal,,fast-food,darebin,,,,https://www.openstreetmap.org/node/6014936017,2026-07-15,pending_review,Imported from OpenStreetMap.
Laundromat,,laundry,darebin,,,,https://www.openstreetmap.org/node/6014936020,2026-07-15,pending_review,Imported from OpenStreetMap.
Tatts,,lottery,darebin,,,,https://www.openstreetmap.org/node/6014936021,2026-07-15,pending_review,Imported from OpenStreetMap.
Bubba Pizza,,restaurant,darebin,,,,https://www.openstreetmap.org/node/6014936022,2026-07-15,pending_review,Imported from OpenStreetMap.
Simply Noodles,,restaurant,darebin,,,,https://www.openstreetmap.org/node/6014936024,2026-07-15,pending_review,Imported from OpenStreetMap.
Padideh Kebab,,fast-food,darebin,,,,https://www.openstreetmap.org/node/6014936026,2026-07-15,pending_review,Imported from OpenStreetMap.
Sylvester’s Pizza,,fast-food,darebin,,,,https://www.openstreetmap.org/node/6017199866,2026-07-15,pending_review,Imported from OpenStreetMap.
Kebab House,,fast-food,darebin,,,,https://www.openstreetmap.org/node/6017199867,2026-07-15,pending_review,Imported from OpenStreetMap.
Workforce Australia,375 High Street,employment-agency,darebin,,,,https://www.openstreetmap.org/node/6017199869,2026-07-15,pending_review,Imported from OpenStreetMap.
Hoài Thương,334,video,darebin,,,,https://www.openstreetmap.org/node/6017199870,2026-07-15,pending_review,Imported from OpenStreetMap.
Hanoi Pho,,restaurant,darebin,,,,https://www.openstreetmap.org/node/6017199873,2026-07-15,pending_review,Imported from OpenStreetMap.
Ping’s Dumpling Kitchen,358 High Street,restaurant,darebin,,,,https://www.openstreetmap.org/node/6017199877,2026-07-15,pending_review,Imported from OpenStreetMap.
Express Cash Registers,565,electronics,darebin,,,,https://www.openstreetmap.org/node/6017199880,2026-07-15,pending_review,Imported from OpenStreetMap.
CVGT,,employment-agency,darebin,,,,https://www.openstreetmap.org/node/6017199882,2026-07-15,pending_review,Imported from OpenStreetMap.
Hair at 513,513 High Street,hairdresser,darebin,,,,https://www.openstreetmap.org/node/6017199883,2026-07-15,pending_review,Imported from OpenStreetMap.
4PX Grid,,yes,darebin,,,,https://www.openstreetmap.org/node/6017199884,2026-07-15,pending_review,Imported from OpenStreetMap.
Brown Bear,301 High Street,cafe,darebin,,,,https://www.openstreetmap.org/node/6017199990,2026-07-15,pending_review,Imported from OpenStreetMap.
Pizza Pasta,,restaurant,darebin,,,,https://www.openstreetmap.org/node/6017199992,2026-07-15,pending_review,Imported from OpenStreetMap.
Matchworks,,employment-agency,darebin,,,,https://www.openstreetmap.org/node/6017199993,2026-07-15,pending_review,Imported from OpenStreetMap.
Rugs Liquidation,,carpet,darebin,,,,https://www.openstreetmap.org/node/6017199994,2026-07-15,pending_review,Imported from OpenStreetMap.
King of Spice,,convenience,darebin,,,,https://www.openstreetmap.org/node/6017199995,2026-07-15,pending_review,Imported from OpenStreetMap.
Tâm Đức Alterations,,tailor,darebin,,,,https://www.openstreetmap.org/node/6017199996,2026-07-15,pending_review,Imported from OpenStreetMap.
Grand Laguna,377 High Street,convenience,darebin,,,,https://www.openstreetmap.org/node/6017199997,2026-07-15,pending_review,Imported from OpenStreetMap.
Leanne Beauty Therapy,,massage,darebin,,,,https://www.openstreetmap.org/node/6017199998,2026-07-15,pending_review,Imported from OpenStreetMap.
BWS,,alcohol,darebin,,,,https://www.openstreetmap.org/node/6017200000,2026-07-15,pending_review,Imported from OpenStreetMap.
Emu Security,2A,electronics,darebin,,,,https://www.openstreetmap.org/node/6017200001,2026-07-15,pending_review,Imported from OpenStreetMap.
Cafe Lucchini,360 High Street,cafe,darebin,,+61 3 9478 2724,https://www.lucchinicakes.com.au/,https://www.openstreetmap.org/node/6017200005,2026-07-15,pending_review,Imported from OpenStreetMap.
BBA Insurance Brokers,,insurance,darebin,,,,https://www.openstreetmap.org/node/6017200009,2026-07-15,pending_review,Imported from OpenStreetMap.
Beaurepaires,,tyres,darebin,,,,https://www.openstreetmap.org/node/6017200010,2026-07-15,pending_review,Imported from OpenStreetMap.
Gipi’s Pizza House,,restaurant,darebin,,,,https://www.openstreetmap.org/node/6017200011,2026-07-15,pending_review,Imported from OpenStreetMap.
Shahnai,,restaurant,darebin,,,,https://www.openstreetmap.org/node/6017200020,2026-07-15,pending_review,Imported from OpenStreetMap.
Employment Services Group,,employment-agency,darebin,,,,https://www.openstreetmap.org/node/6017200021,2026-07-15,pending_review,Imported from OpenStreetMap.
Ria,381 High Street,fast-food,darebin,,,https://preston.ria98.com.au/,https://www.openstreetmap.org/node/6017200026,2026-07-15,pending_review,Imported from OpenStreetMap.
Sarina Russo,,employment-agency,darebin,,,,https://www.openstreetmap.org/node/6017200028,2026-07-15,pending_review,Imported from OpenStreetMap.
Cramer Hotel,,pub,darebin,,,,https://www.openstreetmap.org/node/6017200029,2026-07-15,pending_review,Imported from OpenStreetMap.
M-Element,362 High Street,hairdresser,darebin,,,https://melementhair.com.au/,https://www.openstreetmap.org/node/6017200033,2026-07-15,pending_review,Imported from OpenStreetMap.
Furniture & Beds Warehouse,,bed,darebin,,,,https://www.openstreetmap.org/node/6017200037,2026-07-15,pending_review,Imported from OpenStreetMap.
The Penguine,523,cafe,darebin,,,,https://www.openstreetmap.org/node/6017200038,2026-07-15,pending_review,Imported from OpenStreetMap.
A&L Salera,,jewelry,darebin,,,,https://www.openstreetmap.org/node/6017200040,2026-07-15,pending_review,Imported from OpenStreetMap.
Fish & Chips,485 High Street,fast-food,darebin,,,,https://www.openstreetmap.org/node/6017200041,2026-07-15,pending_review,Imported from OpenStreetMap.
Aspire Planning Group,,company,darebin,,,,https://www.openstreetmap.org/node/6017200044,2026-07-15,pending_review,Imported from OpenStreetMap.
HA Espresso,,cafe,darebin,,,,https://www.openstreetmap.org/node/6017200045,2026-07-15,pending_review,Imported from OpenStreetMap.
Preston Computers,303 High Street,computer,darebin,,,,https://www.openstreetmap.org/node/6017200046,2026-07-15,pending_review,Imported from OpenStreetMap.
The Corridor Hair Salon,,hairdresser,darebin,,,,https://www.openstreetmap.org/node/6017200048,2026-07-15,pending_review,Imported from OpenStreetMap.
9 Tails,288,cafe,darebin,,,,https://www.openstreetmap.org/node/6017200049,2026-07-15,pending_review,Imported from OpenStreetMap.
Amal Express,,variety-store,darebin,,,,https://www.openstreetmap.org/node/6017200050,2026-07-15,pending_review,Imported from OpenStreetMap.
International Cafe Shop,,cafe,darebin,,,,https://www.openstreetmap.org/node/6017200052,2026-07-15,pending_review,Imported from OpenStreetMap.
Sweethearts Gelato,344 High Street,ice-cream,darebin,,,https://www.sweetheartsgelato.com/,https://www.openstreetmap.org/node/6017200055,2026-07-15,pending_review,Imported from OpenStreetMap.
Sterling Financial Group,,financial,darebin,,,,https://www.openstreetmap.org/node/6017200056,2026-07-15,pending_review,Imported from OpenStreetMap.
Melbourne City Cars & Commercial,,car,darebin,,,,https://www.openstreetmap.org/node/6017200063,2026-07-15,pending_review,Imported from OpenStreetMap.
Biff’s Bar & Grill,563,pub,darebin,,,,https://www.openstreetmap.org/node/6017200064,2026-07-15,pending_review,Imported from OpenStreetMap.
Rent A Bomb,246 High Street,car-rental,darebin,,,https://www.rentabomb.com.au/locations/victoria/melbourne/preston/,https://www.openstreetmap.org/node/6017200073,2026-07-15,pending_review,Imported from OpenStreetMap.
Shisha Square,,cafe,darebin,,,,https://www.openstreetmap.org/node/6017200077,2026-07-15,pending_review,Imported from OpenStreetMap.
Kimi Furniture,,furniture,darebin,,,,https://www.openstreetmap.org/node/6017200078,2026-07-15,pending_review,Imported from OpenStreetMap.
Coin Laundry Service,357,laundry,darebin,,,,https://www.openstreetmap.org/node/6017200079,2026-07-15,pending_review,Imported from OpenStreetMap.
High Street Thai Massage,324,massage,darebin,,,,https://www.openstreetmap.org/node/6017200081,2026-07-15,pending_review,Imported from OpenStreetMap.
Taper & Fade,561B,hairdresser,darebin,,,,https://www.openstreetmap.org/node/6017200092,2026-07-15,pending_review,Imported from OpenStreetMap.
Dexter,456 High Street,cafe,darebin,,,,https://www.openstreetmap.org/node/6017200093,2026-07-15,pending_review,Imported from OpenStreetMap.
Prespa Bedding,521,bed,darebin,,,,https://www.openstreetmap.org/node/6017200094,2026-07-15,pending_review,Imported from OpenStreetMap.
Phinko Technology,495,computer,darebin,,,,https://www.openstreetmap.org/node/6017200096,2026-07-15,pending_review,Imported from OpenStreetMap.
Hao Vinh,,restaurant,darebin,,,,https://www.openstreetmap.org/node/6017200097,2026-07-15,pending_review,Imported from OpenStreetMap.
Beautiful Blooming,,hairdresser,darebin,,,,https://www.openstreetmap.org/node/6017200099,2026-07-15,pending_review,Imported from OpenStreetMap.
NDIS,,company,darebin,,,,https://www.openstreetmap.org/node/6017200100,2026-07-15,pending_review,Imported from OpenStreetMap.
MKS Spices'n Things,258 High Street,restaurant,darebin,,,,https://www.openstreetmap.org/node/6017200103,2026-07-15,pending_review,Imported from OpenStreetMap.
Ori Jeweller,304,jewelry,darebin,,,,https://www.openstreetmap.org/node/6017200107,2026-07-15,pending_review,Imported from OpenStreetMap.
Mod Creation,,hairdresser,darebin,,,,https://www.openstreetmap.org/node/6017200111,2026-07-15,pending_review,Imported from OpenStreetMap.
Wise Employment,,employment-agency,darebin,,,,https://www.openstreetmap.org/node/6017200113,2026-07-15,pending_review,Imported from OpenStreetMap.
Gower St Family Dental,,doctors,darebin,,,,https://www.openstreetmap.org/node/6017200115,2026-07-15,pending_review,Imported from OpenStreetMap.
H.M. Allure,364 High Street,hairdresser,darebin,,,https://www.hmallure.com.au/,https://www.openstreetmap.org/node/6017200118,2026-07-15,pending_review,Imported from OpenStreetMap.
Young Man Cafe,,cafe,darebin,,,,https://www.openstreetmap.org/node/6017200120,2026-07-15,pending_review,Imported from OpenStreetMap.
Dennis Blinds,559,window-blind,darebin,,,,https://www.openstreetmap.org/node/6017200121,2026-07-15,pending_review,Imported from OpenStreetMap.
Italio Woodfire Pizza & Bar,,restaurant,darebin,,,,https://www.openstreetmap.org/node/6017200122,2026-07-15,pending_review,Imported from OpenStreetMap.
Games Workshop,,video-games,darebin,,,,https://www.openstreetmap.org/node/6017200123,2026-07-15,pending_review,Imported from OpenStreetMap.
Chinese Shipping Giant Express,,yes,darebin,,,,https://www.openstreetmap.org/node/6017200124,2026-07-15,pending_review,Imported from OpenStreetMap.
Fumao Australia Shipping,,yes,darebin,,,,https://www.openstreetmap.org/node/6017200129,2026-07-15,pending_review,Imported from OpenStreetMap.
Preston Thai Massage,,massage,darebin,,,,https://www.openstreetmap.org/node/6017200130,2026-07-15,pending_review,Imported from OpenStreetMap.
Brush and Co.,307 High Street,hairdresser,darebin,,,,https://www.openstreetmap.org/node/6017200132,2026-07-15,pending_review,Imported from OpenStreetMap.
Hair Afrique,308 High Street,hairdresser,darebin,,,,https://www.openstreetmap.org/node/6017200137,2026-07-15,pending_review,Imported from OpenStreetMap.
Professionals Omni,,estate-agent,darebin,,,,https://www.openstreetmap.org/node/6017200139,2026-07-15,pending_review,Imported from OpenStreetMap.
Tina’s Noodle Kitchen,,restaurant,darebin,,,,https://www.openstreetmap.org/node/6017200146,2026-07-15,pending_review,Imported from OpenStreetMap.
My Tho,366 High Street,restaurant,darebin,,,,https://www.openstreetmap.org/node/6017200147,2026-07-15,pending_review,Imported from OpenStreetMap.
Intel Iinside Computer,,it,darebin,,,,https://www.openstreetmap.org/node/6017200149,2026-07-15,pending_review,Imported from OpenStreetMap.
Hockingstuart,555,estate-agent,darebin,,,,https://www.openstreetmap.org/node/6017200150,2026-07-15,pending_review,Imported from OpenStreetMap.
Ken Bathroom & Tiles,,bathroom-furnishing,darebin,,,,https://www.openstreetmap.org/node/6017200151,2026-07-15,pending_review,Imported from OpenStreetMap.
Da Vinci Hairdresser,428,hairdresser,darebin,,,,https://www.openstreetmap.org/node/6017200153,2026-07-15,pending_review,Imported from OpenStreetMap.
Bob Jane T-Marts,,tyres,darebin,,,,https://www.openstreetmap.org/node/6017200155,2026-07-15,pending_review,Imported from OpenStreetMap.
Melbourne Real Estate Solutions,283,estate-agent,darebin,,,,https://www.openstreetmap.org/node/6017200159,2026-07-15,pending_review,Imported from OpenStreetMap.
Shiba,,hairdresser,darebin,,,,https://www.openstreetmap.org/node/6017200160,2026-07-15,pending_review,Imported from OpenStreetMap.
Love & Co,,estate-agent,darebin,,,,https://www.openstreetmap.org/node/6017200162,2026-07-15,pending_review,Imported from OpenStreetMap.
Indian Mystique,,beauty,darebin,,,,https://www.openstreetmap.org/node/6017200163,2026-07-15,pending_review,Imported from OpenStreetMap.
Avio Travel,,travel-agency,darebin,,,,https://www.openstreetmap.org/node/6017200164,2026-07-15,pending_review,Imported from OpenStreetMap.
The Income Tax Professionals,,tax-advisor,darebin,,,,https://www.openstreetmap.org/node/6017200166,2026-07-15,pending_review,Imported from OpenStreetMap.
Haughton Stotts,,estate-agent,darebin,,,,https://www.openstreetmap.org/node/6017200167,2026-07-15,pending_review,Imported from OpenStreetMap.
Beauty 21,330 High Street,hairdresser,darebin,,,https://www.beauty21.com.au/,https://www.openstreetmap.org/node/6017200168,2026-07-15,pending_review,Imported from OpenStreetMap.
Times Camera,8A Cramer Street,electronics,darebin,,,,https://www.openstreetmap.org/node/6017200171,2026-07-15,pending_review,Imported from OpenStreetMap.
Preston Eye Care,354 High Street,optician,darebin,,,,https://www.openstreetmap.org/node/6017200175,2026-07-15,pending_review,Imported from OpenStreetMap.
D’ Silva Holden,,car,darebin,,,,https://www.openstreetmap.org/node/6017200178,2026-07-15,pending_review,Imported from OpenStreetMap.
Visiny Bridal Boutique,271,beauty,darebin,,,,https://www.openstreetmap.org/node/6017200186,2026-07-15,pending_review,Imported from OpenStreetMap.
PaintRight,250 High Street,paint,darebin,,,https://preston.paintright.com.au/,https://www.openstreetmap.org/node/6017200188,2026-07-15,pending_review,Imported from OpenStreetMap.
Cheva Gold Thai Massage,,massage,darebin,,,,https://www.openstreetmap.org/node/6017200191,2026-07-15,pending_review,Imported from OpenStreetMap.
Grocydine,,convenience,darebin,,,,https://www.openstreetmap.org/node/6017200193,2026-07-15,pending_review,Imported from OpenStreetMap.
iLook Optical,,optician,darebin,,,,https://www.openstreetmap.org/node/6017200194,2026-07-15,pending_review,Imported from OpenStreetMap.
NGA Hairdressing,,hairdresser,darebin,,,,https://www.openstreetmap.org/node/6017200196,2026-07-15,pending_review,Imported from OpenStreetMap.
Shi Dai,387 High Street,convenience,darebin,,,,https://www.openstreetmap.org/node/6017200197,2026-07-15,pending_review,Imported from OpenStreetMap.
Sakura Hair Designs,6 Cramer Street,hairdresser,darebin,,,,https://www.openstreetmap.org/node/6017200199,2026-07-15,pending_review,Imported from OpenStreetMap.
Maiolo & Co,,lawyer,darebin,,,,https://www.openstreetmap.org/node/6017200200,2026-07-15,pending_review,Imported from OpenStreetMap.
Tasties Cafe,356 High Street,cafe,darebin,,,,https://www.openstreetmap.org/node/6017200203,2026-07-15,pending_review,Imported from OpenStreetMap.
Pizza Booza,,restaurant,darebin,,,,https://www.openstreetmap.org/node/6017200208,2026-07-15,pending_review,Imported from OpenStreetMap.
OCTEC Employment Services,,employment-agency,darebin,,,,https://www.openstreetmap.org/node/6017200209,2026-07-15,pending_review,Imported from OpenStreetMap.
Sakana Japanese Cafe,491,restaurant,darebin,,,,https://www.openstreetmap.org/node/6017200211,2026-07-15,pending_review,Imported from OpenStreetMap.
Ablas Patisserie,260 High Street,cafe,darebin,,,,https://www.openstreetmap.org/node/6017200217,2026-07-15,pending_review,Imported from OpenStreetMap.
Pad Cha,319 High Street,restaurant,darebin,,+61 3 9471 9988,https://www.padcha.com.au/,https://www.openstreetmap.org/node/6017200218,2026-07-15,pending_review,Imported from OpenStreetMap.
Balkan Fresh Burek,351 High Street,pastry,darebin,,,,https://www.openstreetmap.org/node/6017200221,2026-07-15,pending_review,Imported from OpenStreetMap.
Andrew’s Hair Salon,,hairdresser,darebin,,,,https://www.openstreetmap.org/node/6017200222,2026-07-15,pending_review,Imported from OpenStreetMap.
Sunny Hair Nails & Beauty,,beauty,darebin,,,,https://www.openstreetmap.org/node/6017200223,2026-07-15,pending_review,Imported from OpenStreetMap.
Zaicos,,lawyer,darebin,,,,https://www.openstreetmap.org/node/6017200227,2026-07-15,pending_review,Imported from OpenStreetMap.
Rejuvenation Chinese,269 Gower Street,massage,darebin,,,,https://www.openstreetmap.org/node/6017200228,2026-07-15,pending_review,Imported from OpenStreetMap.
Momentum Mortgage,567,financial,darebin,,,,https://www.openstreetmap.org/node/6017200234,2026-07-15,pending_review,Imported from OpenStreetMap.
Rays Bikes,,bicycle,darebin,,,,https://www.openstreetmap.org/node/6017200235,2026-07-15,pending_review,Imported from OpenStreetMap.
P.P Seafood,,convenience,darebin,,,,https://www.openstreetmap.org/node/6017200238,2026-07-15,pending_review,Imported from OpenStreetMap.
Barry Plant,489,estate-agent,darebin,,,,https://www.openstreetmap.org/node/6017200239,2026-07-15,pending_review,Imported from OpenStreetMap.
Beauty,254 High Street,beauty,darebin,,,https://www.beautyproductsonline.com.au/,https://www.openstreetmap.org/node/6017200244,2026-07-15,pending_review,Imported from OpenStreetMap.
Shawarmasters,262 High Street,restaurant,darebin,,,,https://www.openstreetmap.org/node/6017200245,2026-07-15,pending_review,Imported from OpenStreetMap.
Dosa Plaza,,restaurant,darebin,,,,https://www.openstreetmap.org/node/6017236212,2026-07-15,pending_review,Imported from OpenStreetMap.
Kolache,,cafe,darebin,,,,https://www.openstreetmap.org/node/6017236215,2026-07-15,pending_review,Imported from OpenStreetMap.
Classic Line Body Works,,car-repair,darebin,,,,https://www.openstreetmap.org/node/6017236216,2026-07-15,pending_review,Imported from OpenStreetMap.
Antiques A Brac,,antiques,darebin,,,,https://www.openstreetmap.org/node/6017236218,2026-07-15,pending_review,Imported from OpenStreetMap.
Juanita’s,219,restaurant,darebin,,,,https://www.openstreetmap.org/node/6017236220,2026-07-15,pending_review,Imported from OpenStreetMap.
Plant Smith,,florist,darebin,,,,https://www.openstreetmap.org/node/6017236224,2026-07-15,pending_review,Imported from OpenStreetMap.
De Luca Partners,"157 High Street, VIC 3072",accountant,darebin,,+61 3 9416 9322,https://www.delucapartners.com.au/,https://www.openstreetmap.org/node/6017236227,2026-07-15,pending_review,Imported from OpenStreetMap.
AAA Nails,,beauty,darebin,,,,https://www.openstreetmap.org/node/6017236228,2026-07-15,pending_review,Imported from OpenStreetMap.
No Fuss Kitchen,,kitchen,darebin,,,,https://www.openstreetmap.org/node/6017236229,2026-07-15,pending_review,Imported from OpenStreetMap.
Pandora Nails,"1 High Street, Preston VIC 3072",beauty,preston,,+61 3 8589 1877,https://www.pandoranailsbeauty.com.au/,https://www.openstreetmap.org/node/6017236230,2026-07-15,pending_review,Imported from OpenStreetMap.
Brunswick Flower Hub,"43 High Street, Preston VIC 3072",florist,preston,,+61 3 9354 4544,https://www.brunswickflowerhub.com.au/,https://www.openstreetmap.org/node/6017236231,2026-07-15,pending_review,Imported from OpenStreetMap.
Dash In Convenience & Cafe,"56 High Street, Preston VIC 3072",convenience,preston,,+61 3 9484 0441,,https://www.openstreetmap.org/node/6017236232,2026-07-15,pending_review,Imported from OpenStreetMap.
Ostara,,employment-agency,darebin,,,,https://www.openstreetmap.org/node/6017236235,2026-07-15,pending_review,Imported from OpenStreetMap.
Pausa Panzo,,restaurant,darebin,,,,https://www.openstreetmap.org/node/6017236237,2026-07-15,pending_review,Imported from OpenStreetMap.
Sixt,"335 Bell Street, VIC 3072",car-rental,darebin,,,,https://www.openstreetmap.org/node/6017236238,2026-07-15,pending_review,Imported from OpenStreetMap.
Worldmark Travel,"43 High Street, Preston VIC 3072",travel-agency,preston,,+61 3 9416 7111,https://worldmarktravel.com.au/,https://www.openstreetmap.org/node/6017236240,2026-07-15,pending_review,Imported from OpenStreetMap.
House of Divine,,company,darebin,,,,https://www.openstreetmap.org/node/6017236244,2026-07-15,pending_review,Imported from OpenStreetMap.
Tyla Miller,203 High Street,hairdresser,darebin,,+61 411 884 634,https://www.tylamiller.com/,https://www.openstreetmap.org/node/6017236245,2026-07-15,pending_review,Imported from OpenStreetMap.
Beck’s,,bed,darebin,,,,https://www.openstreetmap.org/node/6017236246,2026-07-15,pending_review,Imported from OpenStreetMap.
I Love Dumplings Express,"5 High Street, Preston VIC 3072",restaurant,preston,,+61 3 9416 8291,https://www.ilovedumplings.net.au/,https://www.openstreetmap.org/node/6017236247,2026-07-15,pending_review,Imported from OpenStreetMap.
G&B Motors,,car-repair,darebin,,,,https://www.openstreetmap.org/node/6017236248,2026-07-15,pending_review,Imported from OpenStreetMap.
The Barber Anth,,hairdresser,darebin,,,,https://www.openstreetmap.org/node/6017236250,2026-07-15,pending_review,Imported from OpenStreetMap.
Bedding Australia,,bed,darebin,,,,https://www.openstreetmap.org/node/6017236252,2026-07-15,pending_review,Imported from OpenStreetMap.
Tidal Tax,,tax-advisor,darebin,,,,https://www.openstreetmap.org/node/6017236253,2026-07-15,pending_review,Imported from OpenStreetMap.
Deans Art,"17-19 High Street, Preston VIC 3072",craft,preston,,+61 3 9485 9500,https://www.deansart.com.au/,https://www.openstreetmap.org/node/6017236254,2026-07-15,pending_review,Imported from OpenStreetMap.
Spirit Of India,1 Oakover Road,restaurant,darebin,,,,https://www.openstreetmap.org/node/6017236255,2026-07-15,pending_review,Imported from OpenStreetMap.
A Simple Sandwich,"93-103 High Street, Preston VIC 3072",cafe,preston,,+61 3 9484 9022,,https://www.openstreetmap.org/node/6017236256,2026-07-15,pending_review,Imported from OpenStreetMap.
Triple One,,massage,darebin,,,,https://www.openstreetmap.org/node/6017236257,2026-07-15,pending_review,Imported from OpenStreetMap.
Retro Active,,furniture,darebin,,,,https://www.openstreetmap.org/node/6017236261,2026-07-15,pending_review,Imported from OpenStreetMap.
Electrical Data Suppliers,,company,darebin,,,,https://www.openstreetmap.org/node/6017236263,2026-07-15,pending_review,Imported from OpenStreetMap.
Kisses for Kaos,,pub,darebin,,,,https://www.openstreetmap.org/node/6017236265,2026-07-15,pending_review,Imported from OpenStreetMap.
Lets Relax Thai Massage,,massage,darebin,,,,https://www.openstreetmap.org/node/6017236266,2026-07-15,pending_review,Imported from OpenStreetMap.
Punch Salon,,hairdresser,darebin,,,,https://www.openstreetmap.org/node/6017236268,2026-07-15,pending_review,Imported from OpenStreetMap.
Preston Nails & Lashes,"52 High Street, Preston VIC 3072",beauty,preston,,+61 3 9480 6981,,https://www.openstreetmap.org/node/6017236271,2026-07-15,pending_review,Imported from OpenStreetMap.
Benzina,,pub,darebin,,,,https://www.openstreetmap.org/node/6017236273,2026-07-15,pending_review,Imported from OpenStreetMap.
Mercadante,,tiles,darebin,,,,https://www.openstreetmap.org/node/6017236274,2026-07-15,pending_review,Imported from OpenStreetMap.
Enzo’s Pizzeria,"201 High Street, VIC 3072",fast-food,darebin,,,,https://www.openstreetmap.org/node/6017236277,2026-07-15,pending_review,Imported from OpenStreetMap.
Compass,,accountant,darebin,,,,https://www.openstreetmap.org/node/6017236282,2026-07-15,pending_review,Imported from OpenStreetMap.
Marks Fleet Services,"155 High Street, VIC 3072",car-repair,darebin,,,https://www.marksfleetservices.com.au/,https://www.openstreetmap.org/node/6017236283,2026-07-15,pending_review,Imported from OpenStreetMap.
Navascues,,furniture,darebin,,,,https://www.openstreetmap.org/node/6017238589,2026-07-15,pending_review,Imported from OpenStreetMap.
Back to The Futon,,bed,darebin,,,,https://www.openstreetmap.org/node/6017238590,2026-07-15,pending_review,Imported from OpenStreetMap.
Clan Collective,,art,darebin,,,,https://www.openstreetmap.org/node/6017238591,2026-07-15,pending_review,Imported from OpenStreetMap.
Vehicle Inspections,,car-repair,darebin,,,,https://www.openstreetmap.org/node/6017238592,2026-07-15,pending_review,Imported from OpenStreetMap.
Brush & Blade,,hairdresser,darebin,,,,https://www.openstreetmap.org/node/6017238593,2026-07-15,pending_review,Imported from OpenStreetMap.
Quickoil,,car-repair,darebin,,,,https://www.openstreetmap.org/node/6017394190,2026-07-15,pending_review,Imported from OpenStreetMap.
Zaap tv,,electronics,darebin,,,,https://www.openstreetmap.org/node/6017394191,2026-07-15,pending_review,Imported from OpenStreetMap.
Heal Oneself,,beauty,darebin,,,,https://www.openstreetmap.org/node/6017394196,2026-07-15,pending_review,Imported from OpenStreetMap.
Plenty Pizza & Co.,220 Plenty Road,fast-food,darebin,,,,https://www.openstreetmap.org/node/6017394198,2026-07-15,pending_review,Imported from OpenStreetMap.
Buddha Thai,,restaurant,darebin,,,,https://www.openstreetmap.org/node/6017394199,2026-07-15,pending_review,Imported from OpenStreetMap.
Summerhill Crash Repair,,car-repair,darebin,,,,https://www.openstreetmap.org/node/6017394201,2026-07-15,pending_review,Imported from OpenStreetMap.
Remy’s Place,,cafe,darebin,,,,https://www.openstreetmap.org/node/6017394203,2026-07-15,pending_review,Imported from OpenStreetMap.
Ramen Bun & Sake,,restaurant,darebin,,,,https://www.openstreetmap.org/node/6017394204,2026-07-15,pending_review,Imported from OpenStreetMap.
Red Bean,,cafe,darebin,,,,https://www.openstreetmap.org/node/6017394207,2026-07-15,pending_review,Imported from OpenStreetMap.
Therapy Massage,,massage,darebin,,,,https://www.openstreetmap.org/node/6017394210,2026-07-15,pending_review,Imported from OpenStreetMap.
PGM,,glaziery,darebin,,,,https://www.openstreetmap.org/node/6017394213,2026-07-15,pending_review,Imported from OpenStreetMap.
Bridgestone,,tyres,darebin,,,,https://www.openstreetmap.org/node/6017394216,2026-07-15,pending_review,Imported from OpenStreetMap.
Masitta,51 Plenty Road,restaurant,darebin,,+61 478 248 126,,https://www.openstreetmap.org/node/6017394217,2026-07-15,pending_review,Imported from OpenStreetMap.
Regent Finance,,financial,darebin,,,,https://www.openstreetmap.org/node/6017394218,2026-07-15,pending_review,Imported from OpenStreetMap.
Arepa Days,,cafe,darebin,,,,https://www.openstreetmap.org/node/6017394223,2026-07-15,pending_review,Imported from OpenStreetMap.
All Tune Motors,,car-repair,darebin,,,,https://www.openstreetmap.org/node/6017394226,2026-07-15,pending_review,Imported from OpenStreetMap.
Oven’s,,appliance,darebin,,,,https://www.openstreetmap.org/node/6017394227,2026-07-15,pending_review,Imported from OpenStreetMap.
Lucia's Wellness and Beauty,,massage,darebin,,,,https://www.openstreetmap.org/node/6017394230,2026-07-15,pending_review,Imported from OpenStreetMap.
LMS Motors,,car-repair,darebin,,,,https://www.openstreetmap.org/node/6017394231,2026-07-15,pending_review,Imported from OpenStreetMap.
Vietnam Massage,222 Plenty Road,massage,darebin,,,,https://www.openstreetmap.org/node/6017394233,2026-07-15,pending_review,Imported from OpenStreetMap.
C&S Service,,car-repair,darebin,,,,https://www.openstreetmap.org/node/6017394240,2026-07-15,pending_review,Imported from OpenStreetMap.
Red Star Plumbing Supplies,396 High Street,appliance,darebin,,,,https://www.openstreetmap.org/node/6017431766,2026-07-15,pending_review,Imported from OpenStreetMap.
Biggin & Scott,,estate-agent,darebin,,,,https://www.openstreetmap.org/node/6017431769,2026-07-15,pending_review,Imported from OpenStreetMap.
oh! Banh Mi Phô,"489 High Street, Northcote VIC 3070",restaurant,northcote,,,,https://www.openstreetmap.org/node/6017431776,2026-07-15,pending_review,Imported from OpenStreetMap.
Jellis Craig,,estate-agent,darebin,,,,https://www.openstreetmap.org/node/6017431778,2026-07-15,pending_review,Imported from OpenStreetMap.
Fork & Path,"487 High Street, Northcote VIC 3070",cafe,northcote,,,,https://www.openstreetmap.org/node/6017431779,2026-07-15,pending_review,Imported from OpenStreetMap.
Ozzy’s Pizza,,restaurant,darebin,,,,https://www.openstreetmap.org/node/6017431783,2026-07-15,pending_review,Imported from OpenStreetMap.
Woodards,"438 High Street, Northcote VIC 3070",estate-agent,northcote,,,,https://www.openstreetmap.org/node/6017435285,2026-07-15,pending_review,Imported from OpenStreetMap.
Twinkle Tots,538 High Street,toys,darebin,,+61 3 9482 2687,https://www.twinkletots.com.au/,https://www.openstreetmap.org/node/6017435286,2026-07-15,pending_review,Imported from OpenStreetMap.
The Bisi Agent,,estate-agent,darebin,,,,https://www.openstreetmap.org/node/6017435287,2026-07-15,pending_review,Imported from OpenStreetMap.
Christenings And Weddings,,beauty,darebin,,,,https://www.openstreetmap.org/node/6017435290,2026-07-15,pending_review,Imported from OpenStreetMap.
MG Auto,,car-repair,darebin,,,,https://www.openstreetmap.org/node/6017435291,2026-07-15,pending_review,Imported from OpenStreetMap.
Bam Bams Fried Chicken and Burgers,,fast-food,darebin,,,,https://www.openstreetmap.org/node/6024744163,2026-07-15,pending_review,Imported from OpenStreetMap.
Keon Park Launderette,,laundry,darebin,,,,https://www.openstreetmap.org/node/6024745605,2026-07-15,pending_review,Imported from OpenStreetMap.
Pizza Meine Liebe,"231 High Street, VIC 3070",restaurant,darebin,,+61 3 9482 7001,https://pmlnorthcote.com.au/,https://www.openstreetmap.org/node/6037671986,2026-07-15,pending_review,Imported from OpenStreetMap.
Traditional Tasty Treats,111 Spring Street,pastry,darebin,,,,https://www.openstreetmap.org/node/6052203031,2026-07-15,pending_review,Imported from OpenStreetMap.
Mycar,,car-repair,darebin,,,,https://www.openstreetmap.org/node/6154608235,2026-07-15,pending_review,Imported from OpenStreetMap.
Flight Centre,,travel-agency,darebin,,,,https://www.openstreetmap.org/node/6154608552,2026-07-15,pending_review,Imported from OpenStreetMap.
Little Local,"299 High Street, Northcote VIC 3070",cafe,northcote,,,https://www.littlelocaldc.com/,https://www.openstreetmap.org/node/6269168291,2026-07-15,pending_review,Imported from OpenStreetMap.
Gordon Legal,"544-546 High Street, Northcote VIC 3070",lawyer,northcote,,,,https://www.openstreetmap.org/node/6279498764,2026-07-15,pending_review,Imported from OpenStreetMap.
Hidaya Islamic gift shop,,gift,darebin,,+61 3 9416 8221,https://hidaya.com.au/,https://www.openstreetmap.org/node/6317600315,2026-07-15,pending_review,Imported from OpenStreetMap.
Liquor Legends,"80 Grange Road, VIC 3078",alcohol,darebin,,,https://liquorlegends.com.au/,https://www.openstreetmap.org/node/6326615214,2026-07-15,pending_review,Imported from OpenStreetMap.
Souvlaki and Kebab House,,fast-food,darebin,,,,https://www.openstreetmap.org/node/6328188389,2026-07-15,pending_review,Imported from OpenStreetMap.
Moon Palace,"609 Gilbert Road, Preston VIC 3072",fast-food,preston,,+61 3 9478 5937,,https://www.openstreetmap.org/node/6369136178,2026-07-15,pending_review,Imported from OpenStreetMap.
Zaparas Lawyers,"603 Gilbert Road, Preston VIC 3072",lawyer,preston,,+61 3 8527 0200,https://zaparaslaw.com.au/,https://www.openstreetmap.org/node/6369136179,2026-07-15,pending_review,Imported from OpenStreetMap.
Leanne Chambers,,lawyer,darebin,,,https://thelaw.com.au/,https://www.openstreetmap.org/node/6369136180,2026-07-15,pending_review,Imported from OpenStreetMap.
Baps Nepalese Restaurant,"589 Gilbert Road, Preston VIC 3072",restaurant,preston,,+61 3 9943 3948,,https://www.openstreetmap.org/node/6369136181,2026-07-15,pending_review,Imported from OpenStreetMap.
Nelson Alexander,"140 Regent Street, Preston VIC 3072",estate-agent,preston,,+61 3 9478 5000,,https://www.openstreetmap.org/node/6369136182,2026-07-15,pending_review,Imported from OpenStreetMap.
CMS Architects,"138 Regent Street, Preston VIC 3072",architect,preston,,+61 3 9470 3665,,https://www.openstreetmap.org/node/6369136183,2026-07-15,pending_review,Imported from OpenStreetMap.
The Elixir,"134 Regent Street, Preston VIC 3072",cafe,preston,,+61 3 9471 1975,,https://www.openstreetmap.org/node/6369142287,2026-07-15,pending_review,Imported from OpenStreetMap.
Winzu for Hair,,hairdresser,darebin,,+61 3 9471 0699,https://www.wiznu.com.au,https://www.openstreetmap.org/node/6369142288,2026-07-15,pending_review,Imported from OpenStreetMap.
Poke The Bear,,cafe,darebin,,,,https://www.openstreetmap.org/node/6420052783,2026-07-15,pending_review,Imported from OpenStreetMap.
The Gourmet Meat Rack,,butcher,darebin,,,,https://www.openstreetmap.org/node/6581138512,2026-07-15,pending_review,Imported from OpenStreetMap.
Two Boys and a Pot,431 Plenty Road,cafe,darebin,,,,https://www.openstreetmap.org/node/6625159132,2026-07-15,pending_review,Imported from OpenStreetMap.
Sandy Paws Dog Grooming,"20 Yarra Avenue, Reservoir VIC 3073",pet-grooming,reservoir,,+61 3 8590 8901,,https://www.openstreetmap.org/node/6648590376,2026-07-15,pending_review,Imported from OpenStreetMap.
Yarra Avenue Fish and Chip Shop,"24 Yarra Avenue, Reservoir VIC 3073",fast-food,reservoir,,+61 3 9460 4282,,https://www.openstreetmap.org/node/6648590377,2026-07-15,pending_review,Imported from OpenStreetMap.
Bottlemart,"28 Yarra Avenue, Reservoir VIC 3073",alcohol,reservoir,,+61 3 9469 4323,,https://www.openstreetmap.org/node/6648590378,2026-07-15,pending_review,Imported from OpenStreetMap.
Fairfield Physiotherapy,,clinic,darebin,,,,https://www.openstreetmap.org/node/6656704233,2026-07-15,pending_review,Imported from OpenStreetMap.
Fairfield Podiatry,,clinic,darebin,,,,https://www.openstreetmap.org/node/6656704234,2026-07-15,pending_review,Imported from OpenStreetMap.
Mr Wednesday,,cafe,darebin,,,,https://www.openstreetmap.org/node/6656704241,2026-07-15,pending_review,Imported from OpenStreetMap.
Barbers of Northcote,356 High Street,hairdresser,darebin,,,https://barbersofnorthcote.com.au/,https://www.openstreetmap.org/node/6744747158,2026-07-15,pending_review,Imported from OpenStreetMap.
We Are The Queen Bee,354 High Street,interior-decoration,darebin,,,,https://www.openstreetmap.org/node/6744747160,2026-07-15,pending_review,Imported from OpenStreetMap.
Laundry Time,"352 High Street, Northcote VIC 3070",laundry,northcote,,,,https://www.openstreetmap.org/node/6744747164,2026-07-15,pending_review,Imported from OpenStreetMap.
Dry Cleaners Alterations,322 High Street,dry-cleaning,darebin,,+61 3 9489 9256,,https://www.openstreetmap.org/node/6744747170,2026-07-15,pending_review,Imported from OpenStreetMap.
Dog & Bone,326 High Street,company,darebin,,,https://www.dogandbone.com.au/,https://www.openstreetmap.org/node/6744747171,2026-07-15,pending_review,Imported from OpenStreetMap.
Powder,334A High Street,laundry,darebin,,,,https://www.openstreetmap.org/node/6744747172,2026-07-15,pending_review,Imported from OpenStreetMap.
Spice Treasure,,restaurant,darebin,,,,https://www.openstreetmap.org/node/6744765501,2026-07-15,pending_review,Imported from OpenStreetMap.
Scarface Pizzeria,371A High Street,fast-food,darebin,,,,https://www.openstreetmap.org/node/6744765515,2026-07-15,pending_review,Imported from OpenStreetMap.
Viet Pearl,"371 High Street, Northcote VIC 3070",restaurant,northcote,,+61 3 9482 3338,,https://www.openstreetmap.org/node/6744765516,2026-07-15,pending_review,Imported from OpenStreetMap.
Studio 367,367 High Street,hairdresser,darebin,,,,https://www.openstreetmap.org/node/6744765518,2026-07-15,pending_review,Imported from OpenStreetMap.
Scented Naturally Wellness Centre,365 High Street,beauty,darebin,,,https://scentednaturally.au/,https://www.openstreetmap.org/node/6744765520,2026-07-15,pending_review,Imported from OpenStreetMap.
Happy Beauty & Footspa,"363 High Street, Northcote VIC 3070",beauty,northcote,,,,https://www.openstreetmap.org/node/6744765521,2026-07-15,pending_review,Imported from OpenStreetMap.
Mind Games,361 High Street,toys,darebin,,,,https://www.openstreetmap.org/node/6744765522,2026-07-15,pending_review,Imported from OpenStreetMap.
Pure Indulgence Massage,355 High Street,massage,darebin,,,https://pureindulgencemassage.com.au/,https://www.openstreetmap.org/node/6744765523,2026-07-15,pending_review,Imported from OpenStreetMap.
Northcote Halal Meat Factory,"351-353 High Street, Northcote VIC 3070",butcher,northcote,,,,https://www.openstreetmap.org/node/6744765524,2026-07-15,pending_review,Imported from OpenStreetMap.
Purple Emerald,349 High Street,bar,darebin,,,,https://www.openstreetmap.org/node/6744765526,2026-07-15,pending_review,Imported from OpenStreetMap.
My Pet Warehouse,345-347 High Street,pet,darebin,,,,https://www.openstreetmap.org/node/6744765529,2026-07-15,pending_review,Imported from OpenStreetMap.
Wazzup Falafel,"343 High Street, Northcote VIC 3070",restaurant,northcote,,,,https://www.openstreetmap.org/node/6744765531,2026-07-15,pending_review,Imported from OpenStreetMap.
Northcote Fish & Chips,"341 High Street, Northcote VIC 3070",fast-food,northcote,,,,https://www.openstreetmap.org/node/6744765532,2026-07-15,pending_review,Imported from OpenStreetMap.
Northcote Animal Hospital,339 High Street,veterinary,darebin,,,https://www.northcotevet.com.au/,https://www.openstreetmap.org/node/6744765533,2026-07-15,pending_review,Imported from OpenStreetMap.
Patra Thai Massage,"335 High Street, Northcote VIC 3070",massage,northcote,,,https://patrathaimassage.com.au/,https://www.openstreetmap.org/node/6744765534,2026-07-15,pending_review,Imported from OpenStreetMap.
Dojo Ramen Bar,"333 High Street, Northcote VIC 3070",restaurant,northcote,,,https://www.dojoramen.com.au/,https://www.openstreetmap.org/node/6744765535,2026-07-15,pending_review,Imported from OpenStreetMap.
Biancolatte,"331 High Street, Northcote VIC 3070",ice-cream,northcote,,,https://www.biancolatte.com.au/,https://www.openstreetmap.org/node/6744765536,2026-07-15,pending_review,Imported from OpenStreetMap.
Tao Dumplings,329 High Street,restaurant,darebin,,,,https://www.openstreetmap.org/node/6744765537,2026-07-15,pending_review,Imported from OpenStreetMap.
Kennebec American Vintage,4 Goldsmith Grove,houseware,darebin,,+61 429 116 671,,https://www.openstreetmap.org/node/6747867282,2026-07-15,pending_review,Imported from OpenStreetMap.
Pizzaolio,,restaurant,darebin,,,,https://www.openstreetmap.org/node/6781602652,2026-07-15,pending_review,Imported from OpenStreetMap.
A walk in the woods,,pet-grooming,darebin,,,,https://www.openstreetmap.org/node/6781602653,2026-07-15,pending_review,Imported from OpenStreetMap.
Brewista Cafe,105 Dundas Street,cafe,darebin,,+61 476 768 101,,https://www.openstreetmap.org/node/6781629487,2026-07-15,pending_review,Imported from OpenStreetMap.
T's Vietnamese Classics,,fast-food,darebin,,,,https://www.openstreetmap.org/node/6821577217,2026-07-15,pending_review,Imported from OpenStreetMap.
Pizza e Vino,232 High Street,restaurant,darebin,,,https://pizzaevino.com.au/,https://www.openstreetmap.org/node/6876562377,2026-07-15,pending_review,Imported from OpenStreetMap.
P&S Drapes Curtains,228 High Street,curtain,darebin,,,https://pandsdrapes.com.au/,https://www.openstreetmap.org/node/6876562378,2026-07-15,pending_review,Imported from OpenStreetMap.
Wine Republic,226 High Street,alcohol,darebin,,,,https://www.openstreetmap.org/node/6876562379,2026-07-15,pending_review,Imported from OpenStreetMap.
Francesca's Bar,222-224 High Street,bar,darebin,,,https://francescasbar.com.au/,https://www.openstreetmap.org/node/6876562380,2026-07-15,pending_review,Imported from OpenStreetMap.
Millhouse Bakery Cafe,,cafe,darebin,,,,https://www.openstreetmap.org/node/6923610627,2026-07-15,pending_review,Imported from OpenStreetMap.
Farina 00 Wood Fired Pizza,204 St Georges Road,restaurant,darebin,,+61 3 9078 6136,,https://www.openstreetmap.org/node/7037504461,2026-07-15,pending_review,Imported from OpenStreetMap.
Bakes & Bagels,"115 Miller Street, VIC 3071",cafe,darebin,,,,https://www.openstreetmap.org/node/7045310691,2026-07-15,pending_review,Imported from OpenStreetMap.
Jeune,102 Miller Street,beauty,darebin,,,,https://www.openstreetmap.org/node/7045326716,2026-07-15,pending_review,Imported from OpenStreetMap.
MedSafe Pharmacy,104 Miller Street,pharmacy,darebin,,+61 3 9484 1576,https://medsafepharmacy.com.au/,https://www.openstreetmap.org/node/7045326719,2026-07-15,pending_review,Imported from OpenStreetMap.
Little Organics,14B Gilbert Road,baby-goods,darebin,,+61 411 270 273,https://www.littleorganics.com.au/,https://www.openstreetmap.org/node/7045327596,2026-07-15,pending_review,Imported from OpenStreetMap.
Paul and Paula Handmade Clothing,"60 Gilbert Road, VIC 3072",baby-goods,darebin,,,https://www.paulandpaulaclothing.com/,https://www.openstreetmap.org/node/7045394597,2026-07-15,pending_review,Imported from OpenStreetMap.
J M Edwards Accounting,"20 Gilbert Road, VIC 3072",accountant,darebin,,,https://www.jmeservices.com.au/,https://www.openstreetmap.org/node/7045394598,2026-07-15,pending_review,Imported from OpenStreetMap.
Leo Russell Sports,24 Gilbert Road,shoes,darebin,,+61 3 9484 1343,https://leorussellsports.com.au/,https://www.openstreetmap.org/node/7045394600,2026-07-15,pending_review,Imported from OpenStreetMap.
The Warehouse Pizzeria,11 Gilbert Road,restaurant,darebin,,+61 3 9043 5769,https://www.thewarehousepizzeria.com.au/,https://www.openstreetmap.org/node/7045454988,2026-07-15,pending_review,Imported from OpenStreetMap.
Aangan,"1191 Plenty Road, Bundoora VIC 3083",restaurant,bundoora,,,https://aangan.com.au/indian-restaurant-bundoora/,https://www.openstreetmap.org/node/7050404381,2026-07-15,pending_review,Imported from OpenStreetMap.
Crust,,fast-food,darebin,,,,https://www.openstreetmap.org/node/7058802358,2026-07-15,pending_review,Imported from OpenStreetMap.
Edan Motors,,car-repair,darebin,,,,https://www.openstreetmap.org/node/7070091267,2026-07-15,pending_review,Imported from OpenStreetMap.
Maternal & Child Health Centre,89 Hughes Parade,clinic,darebin,,+61 3 8470 8298,https://www.darebin.org/Directory/Agency.aspx?Mkey=828&S3Key=344,https://www.openstreetmap.org/node/7083761155,2026-07-15,pending_review,Imported from OpenStreetMap.
Oregano's Middle Eats Cafe,,cafe,darebin,,,,https://www.openstreetmap.org/node/7085426314,2026-07-15,pending_review,Imported from OpenStreetMap.
Kintax Accountants,,accountant,darebin,info@kintax.com.au,+61 3 9939 3692,,https://www.openstreetmap.org/node/7088277996,2026-07-15,pending_review,Imported from OpenStreetMap.
3 Cheers Cafe,,cafe,darebin,,,,https://www.openstreetmap.org/node/7088277998,2026-07-15,pending_review,Imported from OpenStreetMap.
Blend N Brew,,fast-food,darebin,,,,https://www.openstreetmap.org/node/7088277999,2026-07-15,pending_review,Imported from OpenStreetMap.
Luke's Bakery,,bakery,darebin,vuhoanglong1988@gmail.com,+61 3 9462 4114,,https://www.openstreetmap.org/node/7088278003,2026-07-15,pending_review,Imported from OpenStreetMap.
Clayton & Me,,cafe,darebin,,+61 3 9462 0032,https://www.claytonandme.com.au/,https://www.openstreetmap.org/node/7088278005,2026-07-15,pending_review,Imported from OpenStreetMap.
My Chemist,,chemist,darebin,,,,https://www.openstreetmap.org/node/7088278006,2026-07-15,pending_review,Imported from OpenStreetMap.
Mostly $2,,variety-store,darebin,,,,https://www.openstreetmap.org/node/7088278007,2026-07-15,pending_review,Imported from OpenStreetMap.
IGA Liquor,,alcohol,darebin,,,,https://www.openstreetmap.org/node/7088278008,2026-07-15,pending_review,Imported from OpenStreetMap.
Folino's Quality Meats,,butcher,darebin,,,,https://www.openstreetmap.org/node/7088278009,2026-07-15,pending_review,Imported from OpenStreetMap.
Snappy's Pizza And Kebab,,fast-food,darebin,,,https://roshakebab.com.au/,https://www.openstreetmap.org/node/7088278011,2026-07-15,pending_review,Imported from OpenStreetMap.
Frank Condello Shoe Repairs/T.K. Jewellery Repairs,,shoemaker,darebin,,+61 3 9462 3138,,https://www.openstreetmap.org/node/7088278013,2026-07-15,pending_review,Imported from OpenStreetMap.
Tasty Rooster,,fast-food,darebin,,,https://tasty-rooster.com.au/,https://www.openstreetmap.org/node/7088278014,2026-07-15,pending_review,Imported from OpenStreetMap.
Laser & Skin,46 Edwardes Street,cosmetics,darebin,,,https://www.australianlaser.com.au/reservoir/,https://www.openstreetmap.org/node/7088278017,2026-07-15,pending_review,Imported from OpenStreetMap.
Sargents Cakes,,bakery,darebin,,+61 3 9469 2304,https://www.sargentscakes.com.au/,https://www.openstreetmap.org/node/7089882829,2026-07-15,pending_review,Imported from OpenStreetMap.
Mink Style & Co,42A Edwardes Street,hairdresser,darebin,,+61 3 9469 3989,,https://www.openstreetmap.org/node/7089882830,2026-07-15,pending_review,Imported from OpenStreetMap.
Fresh Fruit Market,,greengrocer,darebin,,,,https://www.openstreetmap.org/node/7089882831,2026-07-15,pending_review,Imported from OpenStreetMap.
Kaneo Charcoal Grill,,restaurant,darebin,,,,https://www.openstreetmap.org/node/7089882833,2026-07-15,pending_review,Imported from OpenStreetMap.
Thug Life Tattoo,52A Edwardes Street,tattoo,darebin,,+61 3 9469 3537,https://thug-life-tattoo-melbourne.business.site/,https://www.openstreetmap.org/node/7089882835,2026-07-15,pending_review,Imported from OpenStreetMap.
Reservoir Professional Dry Cleaners,56 Edwardes Street,dry-cleaning,darebin,,+61 3 9460 9553,,https://www.openstreetmap.org/node/7089882838,2026-07-15,pending_review,Imported from OpenStreetMap.
Francis Gheller Tailor,58 Edwardes Street,tailor,darebin,,+61 3 9460 5831,,https://www.openstreetmap.org/node/7089882842,2026-07-15,pending_review,Imported from OpenStreetMap.
Alnor Art Florist,60 Edwardes Street,florist,darebin,,+61 410 449 999,https://www.alnorartfloristflowers.com.au/,https://www.openstreetmap.org/node/7089882843,2026-07-15,pending_review,Imported from OpenStreetMap.
Reservoir Noodle House,62 Edwardes Street,restaurant,darebin,,+61 3 9460 2285,https://reservoir-noodle-house.business.site/,https://www.openstreetmap.org/node/7089882844,2026-07-15,pending_review,Imported from OpenStreetMap.
Il Pasticcino,64 Edwardes Street,pastry,darebin,enquiries@ilpasticcino.com.au,+61 3 9469 2088,https://www.ilpasticcino.com.au/,https://www.openstreetmap.org/node/7089882845,2026-07-15,pending_review,Imported from OpenStreetMap.
Accountants Edge,66 Edwardes Street,accountant,darebin,reception@accountantsedge.com.au,+61 3 9460 7655,https://accountantsedge.com.au/,https://www.openstreetmap.org/node/7089882846,2026-07-15,pending_review,Imported from OpenStreetMap.
Super Fish Shop,70 Edwardes Street,fast-food,darebin,,+61 3 9460 9281,,https://www.openstreetmap.org/node/7089882849,2026-07-15,pending_review,Imported from OpenStreetMap.
Lakeside Bakery,72 Edwardes Street,bakery,darebin,,+61 3 9460 1840,,https://www.openstreetmap.org/node/7089882850,2026-07-15,pending_review,Imported from OpenStreetMap.
Bruno's Hair Design,74 Edwardes Street,hairdresser,darebin,costaots@gmail.com,+61 3 9460 5007,https://webit.design/hairdresser/,https://www.openstreetmap.org/node/7089882851,2026-07-15,pending_review,Imported from OpenStreetMap.
Thai Philosophy,78 Edwardes Street,massage,darebin,,+61 3 9041 6860,https://thaiphilosophy.com.au/,https://www.openstreetmap.org/node/7089882854,2026-07-15,pending_review,Imported from OpenStreetMap.
Hair On Edwards,82 Edwardes Street,hairdresser,darebin,,+61 3 9462 1947,https://hair-on-edwardes.business.site/,https://www.openstreetmap.org/node/7089882855,2026-07-15,pending_review,Imported from OpenStreetMap.
24 Moons,,nightclub,darebin,,,,https://www.openstreetmap.org/node/7092893385,2026-07-15,pending_review,Imported from OpenStreetMap.
The Alphington Foodstore,"52 Wingrove Street, Alphington VIC 3078",cafe,alphington,,+61 3 9942 1494,https://thealphingtonfoodstore.com.au/,https://www.openstreetmap.org/node/7189757781,2026-07-15,pending_review,Imported from OpenStreetMap.
Becca Foodstore,82 Grange Road,cafe,darebin,,+61 3 9499 3663,https://beccafoodstore.com.au/,https://www.openstreetmap.org/node/7189799662,2026-07-15,pending_review,Imported from OpenStreetMap.
Mexican Street Food,81 High Street,fast-food,darebin,,+61 3 9994 2686,,https://www.openstreetmap.org/node/7192604596,2026-07-15,pending_review,Imported from OpenStreetMap.
Ruckers Hill,83 High Street,restaurant,darebin,,+61 3 9826 9612,https://ruckershillnorthcote.com.au/,https://www.openstreetmap.org/node/7192604597,2026-07-15,pending_review,Imported from OpenStreetMap.
Fufanu,"55 High Street, VIC 3070",bicycle,darebin,,,https://fufanu.com.au/,https://www.openstreetmap.org/node/7192604598,2026-07-15,pending_review,Imported from OpenStreetMap.
Northcote Lawyers,"118 High Street, VIC 3070",lawyer,darebin,,,https://www.northcotelawyers.com.au/,https://www.openstreetmap.org/node/7192627286,2026-07-15,pending_review,Imported from OpenStreetMap.
Shoku Iku Australia,120 High Street,deli,darebin,,+61 403 569 019,https://shokuikuaustralia.com/,https://www.openstreetmap.org/node/7192627287,2026-07-15,pending_review,Imported from OpenStreetMap.
North Suburban Plumbing,"2A Mitchell Street, Northcote VIC 3070",plumber,northcote,northsubplumbing@iprimus.com.au,,https://www.northsuburbanplumbing.com.au,https://www.openstreetmap.org/node/7205593399,2026-07-15,pending_review,Imported from OpenStreetMap.
Leanna,,cafe,darebin,,,,https://www.openstreetmap.org/node/7236103647,2026-07-15,pending_review,Imported from OpenStreetMap.
Rhubarb Rhubarb Organics,Pam Lane,greengrocer,darebin,,+61 3 9478 7344,https://rhubarborganics.com.au/,https://www.openstreetmap.org/node/7246864241,2026-07-15,pending_review,Imported from OpenStreetMap.
Haci's Kebabs,,fast-food,darebin,,,,https://www.openstreetmap.org/node/7328886609,2026-07-15,pending_review,Imported from OpenStreetMap.
Preston Laundry House,"156b High Street, Preston VIC",laundry,preston,,,https://prestonlaundryhouse.com.au/,https://www.openstreetmap.org/node/7347959921,2026-07-15,pending_review,Imported from OpenStreetMap.
Gills Fish & Chips,13 Gilbert Road,fast-food,darebin,,+61 3 9484 4557,https://www.facebook.com/gillsfishnchips/,https://www.openstreetmap.org/node/7396461315,2026-07-15,pending_review,Imported from OpenStreetMap.
Glo Beauty,19 Gilbert Road,beauty,darebin,,+61 3 9484 0700,https://globeautytherapy.com.au/,https://www.openstreetmap.org/node/7396461317,2026-07-15,pending_review,Imported from OpenStreetMap.
Ooga Booga Designs,"9a Gilbert Road, VIC 3072",advertising-agency,darebin,,,https://www.oogabooga.com.au/,https://www.openstreetmap.org/node/7396461318,2026-07-15,pending_review,Imported from OpenStreetMap.
Northern Barber Shop & Shave Parlour,1 Gilbert Road,hairdresser,darebin,,,,https://www.openstreetmap.org/node/7396461319,2026-07-15,pending_review,Imported from OpenStreetMap.
Clothing Alterations & Dry Cleaning,,dry-cleaning,darebin,,,,https://www.openstreetmap.org/node/7396487544,2026-07-15,pending_review,Imported from OpenStreetMap.
Lipari Gelato Bar,"560 High Street, Thornbury VIC 3071",ice-cream,thornbury,,+61 3 9416 8406,https://liparigelatobar.com.au/,https://www.openstreetmap.org/node/7433862176,2026-07-15,pending_review,Imported from OpenStreetMap.
Domino's,,fast-food,darebin,,,,https://www.openstreetmap.org/node/7509453663,2026-07-15,pending_review,Imported from OpenStreetMap.
Amon Thai Kitchen,,restaurant,darebin,,,,https://www.openstreetmap.org/node/7509453664,2026-07-15,pending_review,Imported from OpenStreetMap.
iPugliesi,134 Elizabeth Street,cafe,darebin,,+61 477 973 070,https://ipugliesi.com/,https://www.openstreetmap.org/node/7621476291,2026-07-15,pending_review,Imported from OpenStreetMap.
Clean Compound,110 High Street,cosmetics,darebin,,,https://cleancompound.com/,https://www.openstreetmap.org/node/7855746177,2026-07-15,pending_review,Imported from OpenStreetMap.
Nelson Alexander,"119 High Street, VIC 3070",estate-agent,darebin,,,,https://www.openstreetmap.org/node/7855747314,2026-07-15,pending_review,Imported from OpenStreetMap.
Northcote Picture Framing,109 High Street,frame,darebin,,+61 3 9489 5034,https://www.northcotepictureframing.com.au/,https://www.openstreetmap.org/node/7855747316,2026-07-15,pending_review,Imported from OpenStreetMap.
The Merri Creek Tavern,111 High Street,bar,darebin,,,https://www.merricreektavern.com.au/,https://www.openstreetmap.org/node/7855747317,2026-07-15,pending_review,Imported from OpenStreetMap.
Fairfield Cellars,,alcohol,darebin,,,,https://www.openstreetmap.org/node/7961408323,2026-07-15,pending_review,Imported from OpenStreetMap.
Sharky's Fish and Chips,,fast-food,darebin,,,,https://www.openstreetmap.org/node/7961408324,2026-07-15,pending_review,Imported from OpenStreetMap.
Hot Spot,,fast-food,darebin,,,,https://www.openstreetmap.org/node/7961408325,2026-07-15,pending_review,Imported from OpenStreetMap.
Guest Marinis & Associates,,accountant,darebin,,,,https://www.openstreetmap.org/node/7991433679,2026-07-15,pending_review,Imported from OpenStreetMap.
Guest 4WD,194 Grange Road,car-repair,darebin,,,,https://www.openstreetmap.org/node/7991433680,2026-07-15,pending_review,Imported from OpenStreetMap.
Blueprint Construction Company,"147 Christmas Street, Fairfield VIC 3078",yes,fairfield,,,,https://www.openstreetmap.org/node/7991433682,2026-07-15,pending_review,Imported from OpenStreetMap.
TTI Global,,yes,darebin,,,,https://www.openstreetmap.org/node/7991453290,2026-07-15,pending_review,Imported from OpenStreetMap.
Mowerland,,hardware,darebin,,,,https://www.openstreetmap.org/node/7991453291,2026-07-15,pending_review,Imported from OpenStreetMap.
Casa Iberica Smallgoods,154 Fulham Road,deli,darebin,,,,https://www.openstreetmap.org/node/7991453292,2026-07-15,pending_review,Imported from OpenStreetMap.
Meet Me @ Ed’s,"50 Sparks Avenue, Fairfield VIC 3078",cafe,fairfield,,,,https://www.openstreetmap.org/node/7991453294,2026-07-15,pending_review,Imported from OpenStreetMap.
Mobility Plus,"184 Christmas Street, Fairfield VIC 3078",yes,fairfield,,,,https://www.openstreetmap.org/node/7991453297,2026-07-15,pending_review,Imported from OpenStreetMap.
Outer Circle Social Club,,cafe,darebin,,,,https://www.openstreetmap.org/node/7991453305,2026-07-15,pending_review,Imported from OpenStreetMap.
A.C. Acrylic Plastics,152 Fulham Road,yes,darebin,,,,https://www.openstreetmap.org/node/7991453307,2026-07-15,pending_review,Imported from OpenStreetMap.
Tru-fit Denture Group,"84 Grange Road, Alphington VIC 3078",medical-supply,alphington,,,,https://www.openstreetmap.org/node/7991453310,2026-07-15,pending_review,Imported from OpenStreetMap.
File Finish,,car-repair,darebin,,,,https://www.openstreetmap.org/node/7991453311,2026-07-15,pending_review,Imported from OpenStreetMap.
Circa Design And Build,"70 Victoria Road, Northcote VIC 3070",yes,northcote,,,,https://www.openstreetmap.org/node/8043416143,2026-07-15,pending_review,Imported from OpenStreetMap.
9 Stiches Alterations And Tailoring,"74 Victoria Road, Northcote VIC 3070",tailor,northcote,,,,https://www.openstreetmap.org/node/8043416151,2026-07-15,pending_review,Imported from OpenStreetMap.
Dimattina Coffee,126 Edwardes Street,coffee,darebin,,,https://www.dimattinacoffee.com.au/,https://www.openstreetmap.org/node/8065477866,2026-07-15,pending_review,Imported from OpenStreetMap.
Gelato Papa,"72A Station Street, Fairfield VIC 3078",ice-cream,fairfield,,,,https://www.openstreetmap.org/node/8189075040,2026-07-15,pending_review,Imported from OpenStreetMap.
Pie Face,"103 Bell Street, Preston VIC 3072",cafe,preston,,,,https://www.openstreetmap.org/node/8246982605,2026-07-15,pending_review,Imported from OpenStreetMap.
Courtney & Patterson Ford,,car,darebin,,,,https://www.openstreetmap.org/node/8359544365,2026-07-15,pending_review,Imported from OpenStreetMap.
Mercedes-Benz,,car,darebin,,,,https://www.openstreetmap.org/node/8359544367,2026-07-15,pending_review,Imported from OpenStreetMap.
The art of Auto Engineering,255 Dundas Street,car-repair,darebin,,,,https://www.openstreetmap.org/node/8386114220,2026-07-15,pending_review,Imported from OpenStreetMap.
Moon Dog World,"32 Chifley Drive, Preston VIC 3072",pub,preston,,+61 3 9428 2307,https://moondog.com.au/world,https://www.openstreetmap.org/node/8393242279,2026-07-15,pending_review,Imported from OpenStreetMap.
Benz Star Motors,98 Henty Street,car-repair,darebin,,,,https://www.openstreetmap.org/node/8410056145,2026-07-15,pending_review,Imported from OpenStreetMap.
Arthur Street Deli,455 Heidelberg Road,cafe,darebin,,+61 3 9481 3026,https://www.facebook.com/arthurstdeli/,https://www.openstreetmap.org/node/8419583766,2026-07-15,pending_review,Imported from OpenStreetMap.
Steam Jacket Brewing,703-707 Plenty Road,pub,darebin,,+61 3 9191 7478,https://steamjacket.com.au/,https://www.openstreetmap.org/node/8639097690,2026-07-15,pending_review,Imported from OpenStreetMap.
The Real Greek Tavern,"766C Plenty Road, VIC 3073",restaurant,darebin,,,https://www.facebook.com/therealgreektavern/,https://www.openstreetmap.org/node/8660788713,2026-07-15,pending_review,Imported from OpenStreetMap.
Eat Cannoli,132 Wood Street,pastry,darebin,,+61 411 968 587,https://www.eatcannoli.com.au/,https://www.openstreetmap.org/node/8661164452,2026-07-15,pending_review,Imported from OpenStreetMap.
Sonny's Bottega,647 Plenty Road,restaurant,darebin,,+61 3 9471 0638,https://www.sonnysbottega.com/,https://www.openstreetmap.org/node/8734279975,2026-07-15,pending_review,Imported from OpenStreetMap.
This Borderland,"208 Tyler Street, VIC 3072",restaurant,darebin,,,https://www.facebook.com/thisborderland/,https://www.openstreetmap.org/node/8734279976,2026-07-15,pending_review,Imported from OpenStreetMap.
TBike,"43-44 Sparks Avenue, Fairfield VIC 3078",bicycle,fairfield,,+61 406 345 741,,https://www.openstreetmap.org/node/8751381746,2026-07-15,pending_review,Imported from OpenStreetMap.
Ansco Outdoor and Camping,12 Water Road,outdoor,darebin,,+61 3 9480 8500,https://www.ansco.com.au,https://www.openstreetmap.org/node/8856942419,2026-07-15,pending_review,Imported from OpenStreetMap.
HAT Computer Technology,"1173 Plenty Road, Bundoora VIC 3083",computer,bundoora,,+61 3 9467 9977,https://hatcompany.com.au/,https://www.openstreetmap.org/node/9020026781,2026-07-15,pending_review,Imported from OpenStreetMap.
Tasty Banh Mi,,bakery,darebin,,,,https://www.openstreetmap.org/node/9073614779,2026-07-15,pending_review,Imported from OpenStreetMap.
Hawkers Beer,,alcohol,darebin,,,,https://www.openstreetmap.org/node/9155388096,2026-07-15,pending_review,Imported from OpenStreetMap.
Liquorland,"Separation Street, Northcote VIC 3070",alcohol,northcote,,,,https://www.openstreetmap.org/node/9319671828,2026-07-15,pending_review,Imported from OpenStreetMap.
Goodyear,"909 Plenty Road, Kingsbury VIC 3083",car-repair,kingsbury,,+61 3 9478 0100,https://kingsburytyreandauto.com.au,https://www.openstreetmap.org/node/9320958784,2026-07-15,pending_review,Imported from OpenStreetMap.
Finki Handmade,48a Arthurton Road,clothes,darebin,,+61 423 296 662,https://www.finki.com.au/,https://www.openstreetmap.org/node/9574299198,2026-07-15,pending_review,Imported from OpenStreetMap.
Savers,,second-hand,darebin,,,,https://www.openstreetmap.org/node/9589267810,2026-07-15,pending_review,Imported from OpenStreetMap.
TC Thrift,307 High Street,second-hand,darebin,,+61 3 9489 5903,https://storehousethrift.com/,https://www.openstreetmap.org/node/9603299203,2026-07-15,pending_review,Imported from OpenStreetMap.
Old Kodak Pizza,"136 Elizabeth Street, VIC 3058",restaurant,darebin,,,https://oldkodakpizza.com/,https://www.openstreetmap.org/node/9620777055,2026-07-15,pending_review,Imported from OpenStreetMap.
Bachelor of Coffee,,cafe,darebin,,,,https://www.openstreetmap.org/node/9642676457,2026-07-15,pending_review,Imported from OpenStreetMap.
Fusion,,fast-food,darebin,,,,https://www.openstreetmap.org/node/9642676459,2026-07-15,pending_review,Imported from OpenStreetMap.
Mamak Mamak Rice & Noodle,,restaurant,darebin,,,,https://www.openstreetmap.org/node/9642676460,2026-07-15,pending_review,Imported from OpenStreetMap.
Fuel Juice & Soup Bar,,cafe,darebin,,,,https://www.openstreetmap.org/node/9642676462,2026-07-15,pending_review,Imported from OpenStreetMap.
UniSuper,,financial,darebin,,,,https://www.openstreetmap.org/node/9642676464,2026-07-15,pending_review,Imported from OpenStreetMap.
Agora IGA Xpress,,supermarket,darebin,,,,https://www.openstreetmap.org/node/9642676468,2026-07-15,pending_review,Imported from OpenStreetMap.
The School Locker,,books,darebin,,,,https://www.openstreetmap.org/node/9642676469,2026-07-15,pending_review,Imported from OpenStreetMap.
uhb hair & beauty,,beauty,darebin,,,,https://www.openstreetmap.org/node/9642676470,2026-07-15,pending_review,Imported from OpenStreetMap.
House of Cards,,cafe,darebin,,,,https://www.openstreetmap.org/node/9642676474,2026-07-15,pending_review,Imported from OpenStreetMap.
Artiga Specialty Coffee,"327 Mansfield Street, Thornbury VIC 3071",cafe,thornbury,,,,https://www.openstreetmap.org/node/9684279735,2026-07-15,pending_review,Imported from OpenStreetMap.
Burgertory,,fast-food,darebin,,,,https://www.openstreetmap.org/node/9768669168,2026-07-15,pending_review,Imported from OpenStreetMap.
The Reject Shop,"11B Separation Street, Northcote VIC 3070",variety-store,northcote,,,,https://www.openstreetmap.org/node/9837493731,2026-07-15,pending_review,Imported from OpenStreetMap.
The Reject Shop,"Murray Road, Preston VIC 3072",variety-store,preston,,,,https://www.openstreetmap.org/node/9837499920,2026-07-15,pending_review,Imported from OpenStreetMap.
OTR,,convenience,darebin,,,,https://www.openstreetmap.org/node/9896343380,2026-07-15,pending_review,Imported from OpenStreetMap.
Kingsbury Drive Community Market,,marketplace,darebin,,+61 3 9435 8282,https://www.dvcsmarkets.com.au/kingsbury-drive-community-market,https://www.openstreetmap.org/node/9935620890,2026-07-15,pending_review,Imported from OpenStreetMap.
IGA,"231 St Georges Road, VIC 3070",convenience,darebin,,,,https://www.openstreetmap.org/node/9953656903,2026-07-15,pending_review,Imported from OpenStreetMap.
Kneadful Things,,bakery,darebin,,,,https://www.openstreetmap.org/node/10091282390,2026-07-15,pending_review,Imported from OpenStreetMap.
Nature's Workshop,,psychic,darebin,,,,https://www.openstreetmap.org/node/10091282402,2026-07-15,pending_review,Imported from OpenStreetMap.
Gents of Melbourne,"867 High Street, Thornbury VIC 3071",hairdresser,thornbury,,,,https://www.openstreetmap.org/node/10136688054,2026-07-15,pending_review,Imported from OpenStreetMap.
Paper House,"865 High Street, Thornbury VIC 3071",video-games,thornbury,,,https://shop.paperhousegames.com/,https://www.openstreetmap.org/node/10136688055,2026-07-15,pending_review,Imported from OpenStreetMap.
Thornbury Espresso Bar,"792 High Street, Thornbury VIC 3071",cafe,thornbury,,,https://www.thornburyespressobar.com.au/,https://www.openstreetmap.org/node/10138871819,2026-07-15,pending_review,Imported from OpenStreetMap.
Pallino,"790 High Street, Thornbury VIC 3071",bar,thornbury,,+61 3 9484 7968,https://www.thornburyespressobar.com.au/,https://www.openstreetmap.org/node/10138871820,2026-07-15,pending_review,Imported from OpenStreetMap.
Thornbury Theatre,859 High Street,theatre,darebin,,+61 3 9484 9831,https://www.thethornburytheatre.com/,https://www.openstreetmap.org/node/10138871821,2026-07-15,pending_review,Imported from OpenStreetMap.
Thornbury Apothecary,"754a High Street, Thornbury VIC 3071",herbalist,thornbury,,+61 3 7016 4369,https://www.thornburyapothecary.com.au/,https://www.openstreetmap.org/node/10138871825,2026-07-15,pending_review,Imported from OpenStreetMap.
Bespoke Wines and Spirits,"805 High Street, Thornbury VIC 3071",alcohol,thornbury,,+61 3 9484 1449,https://bespokewinesandspirits.com.au/,https://www.openstreetmap.org/node/10138871826,2026-07-15,pending_review,Imported from OpenStreetMap.
Barbers and Blowaves,"803 High Street, Thornbury VIC 3071",hairdresser,thornbury,,+61 3 9996 1418,,https://www.openstreetmap.org/node/10138871827,2026-07-15,pending_review,Imported from OpenStreetMap.
Kiozwi,"801 High Street, Thornbury VIC 3071",gift,thornbury,christina@kiozwi.com.au,+61 402 347 315,https://www.kiozwi.com.au/,https://www.openstreetmap.org/node/10138871828,2026-07-15,pending_review,Imported from OpenStreetMap.
Drapemaster,"797 High Street, Thornbury VIC 3071",curtain,thornbury,,+61 3 9480 6811,https://drapemaster.business.site/,https://www.openstreetmap.org/node/10138871829,2026-07-15,pending_review,Imported from OpenStreetMap.
Minuteman Press,"795 High Street, Thornbury VIC 3071",copyshop,thornbury,,,,https://www.openstreetmap.org/node/10138871830,2026-07-15,pending_review,Imported from OpenStreetMap.
Lola Lovely,"692 High Street, Thornbury VIC 3071",clothes,thornbury,,+61 3 9480 2423,https://www.lolalovelygifts.com.au/,https://www.openstreetmap.org/node/10138871834,2026-07-15,pending_review,Imported from OpenStreetMap.
Stragans Group,"692 High Street, Thornbury VIC 3071",financial-advisor,thornbury,,,,https://www.openstreetmap.org/node/10138871835,2026-07-15,pending_review,Imported from OpenStreetMap.
Haytch,"690 High Street, Thornbury VIC 3071",cafe,thornbury,,+61 3 9480 3020,,https://www.openstreetmap.org/node/10138871836,2026-07-15,pending_review,Imported from OpenStreetMap.
Dynasty Nails & Beauty,"717a High Street, Thornbury VIC 3071",beauty,thornbury,,,,https://www.openstreetmap.org/node/10138871837,2026-07-15,pending_review,Imported from OpenStreetMap.
Naturally On High,"697-699 High Street, Thornbury VIC 3071",supermarket,thornbury,,+61 3 9484 7131,https://naturallyonhigh.com.au/,https://www.openstreetmap.org/node/10144985264,2026-07-15,pending_review,Imported from OpenStreetMap.
Darebin Medical Centre,"679-685 High Street, Thornbury VIC 3071",doctors,thornbury,,,,https://www.openstreetmap.org/node/10144985266,2026-07-15,pending_review,Imported from OpenStreetMap.
Lan Coffee,"640 High Street, Thornbury VIC 3071",cafe,thornbury,,+61 3 9416 7135,https://lancoffee.orderup.com.au/,https://www.openstreetmap.org/node/10144985269,2026-07-15,pending_review,Imported from OpenStreetMap.
Normanby News & Lotto,"638 High Street, Thornbury VIC 3071",newsagent,thornbury,,+61 3 9484 2802,,https://www.openstreetmap.org/node/10144985270,2026-07-15,pending_review,Imported from OpenStreetMap.
High On Vinyl,"594 High Street, Thornbury VIC 3071",music,thornbury,,,https://www.highonvinyl.com.au/,https://www.openstreetmap.org/node/10144985271,2026-07-15,pending_review,Imported from OpenStreetMap.
Selby,"594 High Street, Thornbury VIC 3071",electronics,thornbury,,+61 3 9999 7717,https://www.selby.com.au/,https://www.openstreetmap.org/node/10144985272,2026-07-15,pending_review,Imported from OpenStreetMap.
Kampot Kitchen,"11 High Street, Preston VIC 3072",restaurant,preston,,,https://kampotkitchen.com.au/,https://www.openstreetmap.org/node/10145030404,2026-07-15,pending_review,Imported from OpenStreetMap.
Noi Pizzeria,"60 High Street, Preston VIC 3072",restaurant,preston,,+61 3 9495 1516,https://www.noipizzeria.com.au/,https://www.openstreetmap.org/node/10145030412,2026-07-15,pending_review,Imported from OpenStreetMap.
CVGT Employment,93-103 High Street,employment-agency,darebin,,,https://www.cvgt.com.au/,https://www.openstreetmap.org/node/10145030414,2026-07-15,pending_review,Imported from OpenStreetMap.
Grand Tiling Concept,"485 St Georges Road, Thornbury VIC 3071",tiles,thornbury,,+61 3 9530 5212,https://www.grandtilingconcepts.com.au/,https://www.openstreetmap.org/node/10145040896,2026-07-15,pending_review,Imported from OpenStreetMap.
Pav Queen,"48 Wingrove Street, VIC 3078",pastry,darebin,,,https://pavqueen.com.au/,https://www.openstreetmap.org/node/10160216458,2026-07-15,pending_review,Imported from OpenStreetMap.
Joey's Boys,,bakery,darebin,,,,https://www.openstreetmap.org/node/10177645647,2026-07-15,pending_review,Imported from OpenStreetMap.
Linen Room,"290 Darebin Road, Fairfield VIC 3078",household-linen,fairfield,,,,https://www.openstreetmap.org/node/10202050427,2026-07-15,pending_review,Imported from OpenStreetMap.
Tradie Life,"199 Grange Road, Fairfield VIC 3078",trade,fairfield,,,,https://www.openstreetmap.org/node/10202050428,2026-07-15,pending_review,Imported from OpenStreetMap.
Mattress Warehouse,"211 Darebin Road, Thornbury VIC 3071",bed,thornbury,,,,https://www.openstreetmap.org/node/10202050429,2026-07-15,pending_review,Imported from OpenStreetMap.
Olive Branch,,fast-food,darebin,,,,https://www.openstreetmap.org/node/10220631455,2026-07-15,pending_review,Imported from OpenStreetMap.
888 Street Food,,fast-food,darebin,,,,https://www.openstreetmap.org/node/10220631456,2026-07-15,pending_review,Imported from OpenStreetMap.
The Fruit Station,,greengrocer,darebin,,,,https://www.openstreetmap.org/node/10232099522,2026-07-15,pending_review,Imported from OpenStreetMap.
Felix Culpa,210B,cafe,darebin,,,https://felixculpa.com.au/,https://www.openstreetmap.org/node/10232187896,2026-07-15,pending_review,Imported from OpenStreetMap.
Flower Delivery Melbourne - Fig & Bloom,"274 Wingrove Street, Fairfield VIC 3078",florist,fairfield,,+61 3 8899 6972,https://www.figandbloom.com/flower-delivery/melbourne,https://www.openstreetmap.org/node/10242238664,2026-07-15,pending_review,Imported from OpenStreetMap.
Jason Rocco Ieraci,35 Victoria Street,hairdresser,darebin,,,,https://www.openstreetmap.org/node/10568805045,2026-07-15,pending_review,Imported from OpenStreetMap.
Priceline,,pharmacy,darebin,,,,https://www.openstreetmap.org/node/10568805977,2026-07-15,pending_review,Imported from OpenStreetMap.
Wynns Locksmiths,110 Bell Street,locksmith,darebin,,,,https://www.openstreetmap.org/node/10568811839,2026-07-15,pending_review,Imported from OpenStreetMap.
Bicycle Thieves,,cafe,darebin,,,,https://www.openstreetmap.org/node/10577720378,2026-07-15,pending_review,Imported from OpenStreetMap.
McCanns Plumbing Supplies,795 - 799 High Street,plumber,darebin,,,,https://www.openstreetmap.org/node/10577865325,2026-07-15,pending_review,Imported from OpenStreetMap.
Tapware and more,13 Newlands Road,kitchen,darebin,,,,https://www.openstreetmap.org/node/10577899711,2026-07-15,pending_review,Imported from OpenStreetMap.
RSEA,92 Bell Street,clothes,darebin,,,,https://www.openstreetmap.org/node/10577899712,2026-07-15,pending_review,Imported from OpenStreetMap.
CPAP Masks and Tubing,"597 High Street, Northcote VIC 3070",medical-supply,northcote,,+61 3 9350 4644,https://www.cpapmasksandtubing.com.au/,https://www.openstreetmap.org/node/10694135345,2026-07-15,pending_review,Imported from OpenStreetMap.
Ventti,"523 High Street, Northcote VIC 3070",tobacco,northcote,,,,https://www.openstreetmap.org/node/10694135349,2026-07-15,pending_review,Imported from OpenStreetMap.
Mr Smith,"501 High Street, Northcote VIC 3070",hairdresser-supply,northcote,,,https://mr-smith.com.au/,https://www.openstreetmap.org/node/10694135360,2026-07-15,pending_review,Imported from OpenStreetMap.
Echo Tone Guitars,"19 Arthurton Road, Northcote VIC 3070",musical-instrument,northcote,info@echotone.com.au,+61 3 9939 0752,https://echotone.com.au/,https://www.openstreetmap.org/node/10694135361,2026-07-15,pending_review,Imported from OpenStreetMap.
Darebin Conveyancing,"491 High Street, Northcote VIC 3070",estate-agent,northcote,,+61 3 9481 0259,https://darebinconveyancing.com.au/,https://www.openstreetmap.org/node/10694135362,2026-07-15,pending_review,Imported from OpenStreetMap.
Commas,,convenience,darebin,,,,https://www.openstreetmap.org/node/10775156019,2026-07-15,pending_review,Imported from OpenStreetMap.
Gordy's Place,,fast-food,darebin,,+61 3 9470 6344,,https://www.openstreetmap.org/node/10775156021,2026-07-15,pending_review,Imported from OpenStreetMap.
Hair in Preston,,hairdresser,darebin,,+61 3 9470 5418,,https://www.openstreetmap.org/node/10775178126,2026-07-15,pending_review,Imported from OpenStreetMap.
Eurospit Deliciously Greek,,fast-food,darebin,,,,https://www.openstreetmap.org/node/10775237948,2026-07-15,pending_review,Imported from OpenStreetMap.
Mariluci Fine Food and Specialities,,deli,darebin,,,,https://www.openstreetmap.org/node/10775237949,2026-07-15,pending_review,Imported from OpenStreetMap.
Lemnos Deli,,deli,darebin,,,,https://www.openstreetmap.org/node/10775237950,2026-07-15,pending_review,Imported from OpenStreetMap.
One Noodle Friendship,,restaurant,darebin,,,,https://www.openstreetmap.org/node/10775265007,2026-07-15,pending_review,Imported from OpenStreetMap.
Boost Juice,,cafe,darebin,,,,https://www.openstreetmap.org/node/10805646671,2026-07-15,pending_review,Imported from OpenStreetMap.
Contraband Coffee Traders,,coffee,darebin,,,https://contrabandcoffeetraders.com/,https://www.openstreetmap.org/node/10815720800,2026-07-15,pending_review,Imported from OpenStreetMap.
Oh Loretta!,324 High Street,bar,darebin,,,https://ohloretta.com.au/,https://www.openstreetmap.org/node/10906461684,2026-07-15,pending_review,Imported from OpenStreetMap.
TecEx Australia Pty Ltd,"116 High Street, Preston VIC 3072",computer,preston,,+61 2 9056 4057,https://tecex.com/,https://www.openstreetmap.org/node/10976112458,2026-07-15,pending_review,Imported from OpenStreetMap.
Panino Mio,,cafe,darebin,,,,https://www.openstreetmap.org/node/11002715993,2026-07-15,pending_review,Imported from OpenStreetMap.
Miss Venezuela,,fast-food,darebin,,,,https://www.openstreetmap.org/node/11002715994,2026-07-15,pending_review,Imported from OpenStreetMap.
Art Stretchers,309-311 High Street,art,darebin,,,,https://www.openstreetmap.org/node/11005414970,2026-07-15,pending_review,Imported from OpenStreetMap.
300 Grams,313 High Street,fast-food,darebin,,,https://www.300grams.com.au/,https://www.openstreetmap.org/node/11005414971,2026-07-15,pending_review,Imported from OpenStreetMap.
Samsam Chicken,315 High Street,fast-food,darebin,,,https://www.samsamchicken.com/,https://www.openstreetmap.org/node/11005414972,2026-07-15,pending_review,Imported from OpenStreetMap.
Keke & Kaka,317 High Street,houseware,darebin,,,https://kekeandkaka.com.au/,https://www.openstreetmap.org/node/11005414973,2026-07-15,pending_review,Imported from OpenStreetMap.
The Pavillion,321 High Street,restaurant,darebin,,,https://www.thepavillion.co/,https://www.openstreetmap.org/node/11005414976,2026-07-15,pending_review,Imported from OpenStreetMap.
Masters of Hair,266 High Street,hairdresser,darebin,,,,https://www.openstreetmap.org/node/11005509351,2026-07-15,pending_review,Imported from OpenStreetMap.
The Phoenix & The Turtle,"268 High Street, VIC 3070",clothes,darebin,,,https://phoenixandturtle.com.au/,https://www.openstreetmap.org/node/11005509352,2026-07-15,pending_review,Imported from OpenStreetMap.
Comune Gallery,"272 High Street, VIC 3070",jewelry,darebin,,,https://comunegallery.com/,https://www.openstreetmap.org/node/11005509353,2026-07-15,pending_review,Imported from OpenStreetMap.
Mim Found Ena,"270 High Street, VIC 3070",clothes,darebin,,,https://mimfoundena.com.au/,https://www.openstreetmap.org/node/11005509354,2026-07-15,pending_review,Imported from OpenStreetMap.
Chop Shoppe,"274 High Street, VIC 3070",clothes,darebin,,,https://www.chopshoppeau.com/,https://www.openstreetmap.org/node/11005509355,2026-07-15,pending_review,Imported from OpenStreetMap.
Northcote Optical,"276 High Street, VIC 3070",optician,darebin,,,https://northcoteoptical.com.au/,https://www.openstreetmap.org/node/11005509356,2026-07-15,pending_review,Imported from OpenStreetMap.
Fleet Street Barbers,278 High Street,hairdresser,darebin,,,https://fleetstbarbers.com/,https://www.openstreetmap.org/node/11005509357,2026-07-15,pending_review,Imported from OpenStreetMap.
Mutual Muse,282 High Street,clothes,darebin,,,https://www.mutualmuse.net/,https://www.openstreetmap.org/node/11005579434,2026-07-15,pending_review,Imported from OpenStreetMap.
H&R Block,334C High Street,tax-advisor,darebin,,,,https://www.openstreetmap.org/node/11005590335,2026-07-15,pending_review,Imported from OpenStreetMap.
Ginger & Chives,338 High Street,restaurant,darebin,,,,https://www.openstreetmap.org/node/11005590336,2026-07-15,pending_review,Imported from OpenStreetMap.
Captain Robbo,340 High Street,clothes,darebin,,,https://captainrobbo.com/,https://www.openstreetmap.org/node/11005590337,2026-07-15,pending_review,Imported from OpenStreetMap.
Otto IT,"405 High Street, VIC 3070",company,darebin,,,https://www.ottoit.com.au/,https://www.openstreetmap.org/node/11017389135,2026-07-15,pending_review,Imported from OpenStreetMap.
Lâm Lâm,399A High Street,restaurant,darebin,,+61 3 9482 2619,,https://www.openstreetmap.org/node/11017389137,2026-07-15,pending_review,Imported from OpenStreetMap.
Surelink Electrical,262 Darebin Road,electrical,darebin,,,,https://www.openstreetmap.org/node/11082319174,2026-07-15,pending_review,Imported from OpenStreetMap.
Cee Bee Motors,2 Oakover Road,car-repair,darebin,,,,https://www.openstreetmap.org/node/11082328510,2026-07-15,pending_review,Imported from OpenStreetMap.
Sydney Tools,85 Chifley Drive,trade,darebin,,,,https://www.openstreetmap.org/node/11082328870,2026-07-15,pending_review,Imported from OpenStreetMap.
AAA Supplements,"1159 Plenty Road, Bundoora VIC 3083",nutrition-supplements,bundoora,,+61 3 9466 9883,https://www.facebook.com/aaasupplementsbundoora/,https://www.openstreetmap.org/node/11090943551,2026-07-15,pending_review,Imported from OpenStreetMap.
CPAP Victoria - Snoring and Sleep Apnoea Solutions,,yes,darebin,,+61 3 0075 0006,https://cpapvictoria.com.au,https://www.openstreetmap.org/node/11090943553,2026-07-15,pending_review,Imported from OpenStreetMap.
Jun's Kitchen,"1159 Plenty Road, Bundoora VIC 3083",restaurant,bundoora,,+61 3 8529 6690,,https://www.openstreetmap.org/node/11090943554,2026-07-15,pending_review,Imported from OpenStreetMap.
Plenty Smiles,"1155 Plenty Road, Bundoora VIC 3083",accountant,bundoora,,+61 3 9466 9200,,https://www.openstreetmap.org/node/11090943555,2026-07-15,pending_review,Imported from OpenStreetMap.
Ramona Books,79 High Street,books,darebin,,,,https://www.openstreetmap.org/node/11276558159,2026-07-15,pending_review,Imported from OpenStreetMap.
TJ's Cafe,40A Newlands Road,cafe,darebin,,,,https://www.openstreetmap.org/node/11287252278,2026-07-15,pending_review,Imported from OpenStreetMap.
Lakes Cafe,265 Edwardes Street,cafe,darebin,,,,https://www.openstreetmap.org/node/11287256773,2026-07-15,pending_review,Imported from OpenStreetMap.
Curry Cafe,73 High Street,fast-food,darebin,,,,https://www.openstreetmap.org/node/11363694371,2026-07-15,pending_review,Imported from OpenStreetMap.
Golden Nail Care,"75 High Street, VIC 3070",beauty,darebin,,,,https://www.openstreetmap.org/node/11363694372,2026-07-15,pending_review,Imported from OpenStreetMap.
La Sirène,"277 Edwardes Street, VIC 3073",pub,darebin,,,https://lasirene.com.au/,https://www.openstreetmap.org/node/11374824194,2026-07-15,pending_review,Imported from OpenStreetMap.
Whimsy Gifts,112 High Street,gift,darebin,,,,https://www.openstreetmap.org/node/11404214133,2026-07-15,pending_review,Imported from OpenStreetMap.
Bellemo & Cat,176 High Street,architect,darebin,,,https://www.bellemocat.com/,https://www.openstreetmap.org/node/11404214148,2026-07-15,pending_review,Imported from OpenStreetMap.
Piano on High,211A High Street,bar,darebin,,,,https://www.openstreetmap.org/node/11404214152,2026-07-15,pending_review,Imported from OpenStreetMap.
Wild Enchanted,246 High Street,clothes,darebin,,,https://www.wildenchanted.com/,https://www.openstreetmap.org/node/11404214155,2026-07-15,pending_review,Imported from OpenStreetMap.
Specs,282A High Street,optician,darebin,,,https://www.specsoptical.com.au/,https://www.openstreetmap.org/node/11404319140,2026-07-15,pending_review,Imported from OpenStreetMap.
Keon Park Convinience Store,"49 Johnson Street, Reservoir VIC 3073",convenience,reservoir,,,,https://www.openstreetmap.org/node/11431721039,2026-07-15,pending_review,Imported from OpenStreetMap.
Johnson Street Cafe,"49 Johnson Street, Reservoir VIC 3073",cafe,reservoir,,,,https://www.openstreetmap.org/node/11431721040,2026-07-15,pending_review,Imported from OpenStreetMap.
Bisque Studios,"167 Beavers Road, Northcote VIC 3070",pottery,northcote,,,https://bisquestudios.com/,https://www.openstreetmap.org/node/11482515186,2026-07-15,pending_review,Imported from OpenStreetMap.
Madera Northcote,"4 Goldsmith Grove, Northcote VIC 3070",coffee,northcote,,,,https://www.openstreetmap.org/node/11555812019,2026-07-15,pending_review,Imported from OpenStreetMap.
Ingenico,"22-30 Chifley Drive, Preston VIC 3072",company,preston,,+61 3 9403 1777,https://ingenico.com/,https://www.openstreetmap.org/node/11576435411,2026-07-15,pending_review,Imported from OpenStreetMap.
Mrs. Secondhand,188 Plenty Road,furniture,darebin,,+61 408 233 497,https://www.mrssecondhand.com.au/,https://www.openstreetmap.org/node/11683886513,2026-07-15,pending_review,Imported from OpenStreetMap.
Rocket Wine,28 Railway Place,bar,darebin,,,,https://www.openstreetmap.org/node/11729092708,2026-07-15,pending_review,Imported from OpenStreetMap.
Hanami Izakaya,113 High Street,restaurant,darebin,,+61 3 9193 0858,,https://www.openstreetmap.org/node/11795034766,2026-07-15,pending_review,Imported from OpenStreetMap.
Things Second-Hand,,second-hand,darebin,,,,https://www.openstreetmap.org/node/11795034767,2026-07-15,pending_review,Imported from OpenStreetMap.
Bivihome,"351 Darebin Road, VIC 3071",supermarket,darebin,customerservice@bivihome.com.au,+61 433 788 159,https://bivihome.com.au,https://www.openstreetmap.org/node/11806575269,2026-07-15,pending_review,Imported from OpenStreetMap.
Taking Shape,4 Arthurton Road,clothes,darebin,,,https://takingshape.com/,https://www.openstreetmap.org/node/11896786561,2026-07-15,pending_review,Imported from OpenStreetMap.
highLIGHT,"420 High Street, Northcote VIC 3070",gift,northcote,,,,https://www.openstreetmap.org/node/11912145706,2026-07-15,pending_review,Imported from OpenStreetMap.
Goodwater,"300 High Street, Northcote VIC 3070",bar,northcote,hello@goodwater.melbourne,,https://goodwater.melbourne,https://www.openstreetmap.org/node/12032082712,2026-07-15,pending_review,Imported from OpenStreetMap.
Gray & Gray,188 High Street,bar,darebin,,,,https://www.openstreetmap.org/node/12240718727,2026-07-15,pending_review,Imported from OpenStreetMap.
The Loft Barbier,225 High Street,hairdresser,darebin,,,https://www.theloftbarbier.com.au/,https://www.openstreetmap.org/node/12240741515,2026-07-15,pending_review,Imported from OpenStreetMap.
Tahina,223 High Street,restaurant,darebin,,,https://www.tahinabar.com/,https://www.openstreetmap.org/node/12240741516,2026-07-15,pending_review,Imported from OpenStreetMap.
Pretty Nails & Footspa,221 High Street,beauty,darebin,,,,https://www.openstreetmap.org/node/12240741517,2026-07-15,pending_review,Imported from OpenStreetMap.
Sherbini Bar,219 High Street,bar,darebin,,,,https://www.openstreetmap.org/node/12240741518,2026-07-15,pending_review,Imported from OpenStreetMap.
Buck Mulligan's,217 High Street,bar,darebin,,,https://www.buckmulligans.com.au/,https://www.openstreetmap.org/node/12240741519,2026-07-15,pending_review,Imported from OpenStreetMap.
Simply Brows & Lashes,211 High Street,beauty,darebin,,,,https://www.openstreetmap.org/node/12240741520,2026-07-15,pending_review,Imported from OpenStreetMap.
Harvest Wine & Liquor,207 High Street,alcohol,darebin,,,,https://www.openstreetmap.org/node/12240741521,2026-07-15,pending_review,Imported from OpenStreetMap.
Leonard St,205 High Street,clothes,darebin,,,https://leonardstreet.com.au/,https://www.openstreetmap.org/node/12240741522,2026-07-15,pending_review,Imported from OpenStreetMap.
HARDOUT,670 Plenty Road,bar,darebin,,,,https://www.openstreetmap.org/node/12241288901,2026-07-15,pending_review,Imported from OpenStreetMap.
Capers,"843 High Street, Thornbury VIC 3071",bar,thornbury,,+61 3 7013 9693,https://www.capersthornbury.com,https://www.openstreetmap.org/node/12243677642,2026-07-15,pending_review,Imported from OpenStreetMap.
High Note,220 High Street,bar,darebin,,,https://www.highnote.space/,https://www.openstreetmap.org/node/12245504696,2026-07-15,pending_review,Imported from OpenStreetMap.
Rathdowne Records,230 High Street,music,darebin,,,,https://www.openstreetmap.org/node/12245504697,2026-07-15,pending_review,Imported from OpenStreetMap.
Holy Sugar,236 High Street,pastry,darebin,,,https://holysugar.com.au/,https://www.openstreetmap.org/node/12245504699,2026-07-15,pending_review,Imported from OpenStreetMap.
Mehra,238 High Street,restaurant,darebin,,,https://www.merah.com.au/,https://www.openstreetmap.org/node/12245504700,2026-07-15,pending_review,Imported from OpenStreetMap.
Northcote Bottleshop,244A High Street,alcohol,darebin,,,https://www.northcotebottleshop.com/,https://www.openstreetmap.org/node/12245508751,2026-07-15,pending_review,Imported from OpenStreetMap.
Angels Trumpet,256 High Street,books,darebin,,,https://angelstrumpet.com.au/,https://www.openstreetmap.org/node/12245679254,2026-07-15,pending_review,Imported from OpenStreetMap.
Alchemy Boutique,258 High Street,clothes,darebin,,,https://www.alchemyfashion.com.au/,https://www.openstreetmap.org/node/12245679255,2026-07-15,pending_review,Imported from OpenStreetMap.
LLDS Architects,260 High Street,architect,darebin,,,https://www.llds.com.au/,https://www.openstreetmap.org/node/12245679256,2026-07-15,pending_review,Imported from OpenStreetMap.
Oku Den,260A High Street,interior-decoration,darebin,,,https://www.oku.com.au/,https://www.openstreetmap.org/node/12245679257,2026-07-15,pending_review,Imported from OpenStreetMap.
Cuppa Turca,262 High Street,cafe,darebin,,,https://www.cuppaturca.com/,https://www.openstreetmap.org/node/12245679258,2026-07-15,pending_review,Imported from OpenStreetMap.
Tempo,242 High Street,fast-food,darebin,,,,https://www.openstreetmap.org/node/12245723801,2026-07-15,pending_review,Imported from OpenStreetMap.
Eloise,294 High Street,clothes,darebin,,,https://eloisethelabel.com.au/,https://www.openstreetmap.org/node/12245748277,2026-07-15,pending_review,Imported from OpenStreetMap.
Great Frames,241 High Street,frame,darebin,,,https://greatframes.com.au/,https://www.openstreetmap.org/node/12245773030,2026-07-15,pending_review,Imported from OpenStreetMap.
Fresh Flowers on High,239 High Street,florist,darebin,,,,https://www.openstreetmap.org/node/12245773031,2026-07-15,pending_review,Imported from OpenStreetMap.
Dixons Recycled,237 High Street,music,darebin,,,https://dixons.com.au/,https://www.openstreetmap.org/node/12245773032,2026-07-15,pending_review,Imported from OpenStreetMap.
Tinker,235 High Street,cafe,darebin,,,https://www.tinkernorthcote.com.au/,https://www.openstreetmap.org/node/12245773033,2026-07-15,pending_review,Imported from OpenStreetMap.
Kolya,229 High Street,pastry,darebin,,,,https://www.openstreetmap.org/node/12245773035,2026-07-15,pending_review,Imported from OpenStreetMap.
Club Chef,291 High Street,kitchen,darebin,,,https://www.clubchef.com.au/,https://www.openstreetmap.org/node/12245779785,2026-07-15,pending_review,Imported from OpenStreetMap.
A Quirk of Fate,289 High Street,interior-decoration,darebin,,,https://aquirkoffate.com/,https://www.openstreetmap.org/node/12245779786,2026-07-15,pending_review,Imported from OpenStreetMap.
Birch and Bear,287 High Street,toys,darebin,,,https://birchandbear.com.au/,https://www.openstreetmap.org/node/12245779787,2026-07-15,pending_review,Imported from OpenStreetMap.
Obus,285 High Street,clothes,darebin,,,https://obus.com.au/,https://www.openstreetmap.org/node/12245779788,2026-07-15,pending_review,Imported from OpenStreetMap.
Douglas & Hope,283 High Street,interior-decoration,darebin,,,,https://www.openstreetmap.org/node/12245779789,2026-07-15,pending_review,Imported from OpenStreetMap.
Before March,277 High Street,clothes,darebin,,,https://beforemarch.com/,https://www.openstreetmap.org/node/12245779791,2026-07-15,pending_review,Imported from OpenStreetMap.
The Make It Collective,271 High Street,gift,darebin,,,https://themakeitcollective.com.au/,https://www.openstreetmap.org/node/12245779794,2026-07-15,pending_review,Imported from OpenStreetMap.
The Klei Store,269 High Street,clothes,darebin,,,https://klei.com.au/,https://www.openstreetmap.org/node/12245779795,2026-07-15,pending_review,Imported from OpenStreetMap.
Big Dreams,267 High Street,toys,darebin,,,https://bigdreams.com.au/,https://www.openstreetmap.org/node/12245779796,2026-07-15,pending_review,Imported from OpenStreetMap.
Woolarium,265 High Street,wool,darebin,,,https://woolarium.com/,https://www.openstreetmap.org/node/12245779797,2026-07-15,pending_review,Imported from OpenStreetMap.
The Book Grocer,263 High Street,books,darebin,,,https://bookgrocer.com/,https://www.openstreetmap.org/node/12245779799,2026-07-15,pending_review,Imported from OpenStreetMap.
I Dream a Highway,259 High Street,clothes,darebin,,,https://idreamahighway.com.au/,https://www.openstreetmap.org/node/12245779800,2026-07-15,pending_review,Imported from OpenStreetMap.
Shimbashi Soba,257 High Street,restaurant,darebin,,,https://www.shimbashisobamelbourne.com.au/,https://www.openstreetmap.org/node/12245827601,2026-07-15,pending_review,Imported from OpenStreetMap.
Kustom Burgers,"861 High Street, Thornbury VIC 3071",fast-food,thornbury,,+61 3 9484 9316,https://www.kustomburgers.com.au/,https://www.openstreetmap.org/node/12248060245,2026-07-15,pending_review,Imported from OpenStreetMap.
Ampersand Coffee and Food,"863 High Street, Thornbury VIC 3071",cafe,thornbury,,,,https://www.openstreetmap.org/node/12248060246,2026-07-15,pending_review,Imported from OpenStreetMap.
O'Reilly's Firearms,"869-871 High Street, Thornbury VIC 3071",weapons,thornbury,,,,https://www.openstreetmap.org/node/12248060247,2026-07-15,pending_review,Imported from OpenStreetMap.
Top Hat Antiques,"873 High Street, Thornbury VIC 3071",antiques,thornbury,,,,https://www.openstreetmap.org/node/12248060248,2026-07-15,pending_review,Imported from OpenStreetMap.
Thornbury Taphouse,"851 High Street, Thornbury VIC 3071",pub,thornbury,,,https://www.thornburytaphouse.com/,https://www.openstreetmap.org/node/12248060249,2026-07-15,pending_review,Imported from OpenStreetMap.
GRK Greek Kitchen and Bar,"845-847 High Street, Thornbury VIC 3071",restaurant,thornbury,,+61 3 9480 3324,,https://www.openstreetmap.org/node/12248060250,2026-07-15,pending_review,Imported from OpenStreetMap.
Smokin' Joe's Pizza & Grill,"839 High Street, Thornbury VIC 3071",fast-food,thornbury,,,https://smokinjoesthornbury.com.au/order-now,https://www.openstreetmap.org/node/12248060251,2026-07-15,pending_review,Imported from OpenStreetMap.
Dumpling Village,"837 High Street, Thornbury VIC 3071",restaurant,thornbury,,+61 3 9042 0887,,https://www.openstreetmap.org/node/12248060252,2026-07-15,pending_review,Imported from OpenStreetMap.
Monticello Cakes & Continental Gelati,"835 High Street, Thornbury VIC 3071",pastry,thornbury,,,,https://www.openstreetmap.org/node/12248060253,2026-07-15,pending_review,Imported from OpenStreetMap.
Use-Ta!,"831a High Street, Thornbury VIC 3071",clothes,thornbury,,,https://www.use-ta.com.au/,https://www.openstreetmap.org/node/12248060255,2026-07-15,pending_review,Imported from OpenStreetMap.
Nicholson Partners,"831 High Street, Thornbury VIC 3071",financial-advisor,thornbury,,+61 3 9484 5000,https://www.nicholsonpartners.com.au/,https://www.openstreetmap.org/node/12248060256,2026-07-15,pending_review,Imported from OpenStreetMap.
Nest Legal,"829a High Street, Thornbury VIC 3071",lawyer,thornbury,,+61 3 9486 5269,https://www.nestlegal.com.au/,https://www.openstreetmap.org/node/12248060257,2026-07-15,pending_review,Imported from OpenStreetMap.
Street Dogz,"825 High Street, Thornbury VIC 3071",fast-food,thornbury,,+61 3 8597 4583,,https://www.openstreetmap.org/node/12248060258,2026-07-15,pending_review,Imported from OpenStreetMap.
Phillips & Wilkins Solicitors,"823 High Street, Thornbury VIC 3071",lawyer,thornbury,,+61 3 9480 1155,https://www.philwil.com.au/,https://www.openstreetmap.org/node/12248060259,2026-07-15,pending_review,Imported from OpenStreetMap.
Coffee Mio,"811 High Street, Thornbury VIC 3071",coffee,thornbury,,+61 3 9484 0776,https://www.coffeemio.com.au/,https://www.openstreetmap.org/node/12248060260,2026-07-15,pending_review,Imported from OpenStreetMap.
Neon Parlour,"791-793 High Street, Thornbury VIC 3071",atelier,thornbury,,,,https://www.openstreetmap.org/node/12248060261,2026-07-15,pending_review,Imported from OpenStreetMap.
Agar Cleaning Systems,12-14 Cope Street,cleaning,darebin,matthewathinis@agar.com.au,+61 3 9480 3000,https://agar.com.au/,https://www.openstreetmap.org/node/12411510317,2026-07-15,pending_review,Imported from OpenStreetMap.
Metro Petroleum Reservoir,141-143 Spring Street,fuel,darebin,,,,https://www.openstreetmap.org/node/12417628933,2026-07-15,pending_review,Imported from OpenStreetMap.
Va Penne,493 High Street,restaurant,darebin,,,,https://www.openstreetmap.org/node/12418132854,2026-07-15,pending_review,Imported from OpenStreetMap.
Northcote Medical Group,147 Westbourne Grove,doctors,darebin,,+61 3 9489 8666,https://northcotemedical.com.au/,https://www.openstreetmap.org/node/12418134794,2026-07-15,pending_review,Imported from OpenStreetMap.
FCHL,551 Plenty Road,property-management,darebin,,,https://www.fchl.com.au/,https://www.openstreetmap.org/node/12418316890,2026-07-15,pending_review,Imported from OpenStreetMap.
Street Taste,379 High Street,fast-food,darebin,,,https://www.streettaste.com.au/,https://www.openstreetmap.org/node/12418317365,2026-07-15,pending_review,Imported from OpenStreetMap.
Master Falafel,389 High Street,fast-food,darebin,,,,https://www.openstreetmap.org/node/12418318310,2026-07-15,pending_review,Imported from OpenStreetMap.
Dead Mind Tattoos Preston,553 Plenty Road,tattoo,darebin,,,,https://www.openstreetmap.org/node/12418318989,2026-07-15,pending_review,Imported from OpenStreetMap.
Chinese Massage,"541 Plenty Road, Preston VIC 3072",massage,preston,,+61 466 881 517,,https://www.openstreetmap.org/node/12418322464,2026-07-15,pending_review,Imported from OpenStreetMap.
Eden Thai Massage Clinic,,massage,darebin,,,,https://www.openstreetmap.org/node/12717730520,2026-07-15,pending_review,Imported from OpenStreetMap.
Rangi Lawyers,,lawyer,darebin,,,,https://www.openstreetmap.org/node/12756611898,2026-07-15,pending_review,Imported from OpenStreetMap.
Broadway Variety Store,,variety-store,darebin,,,,https://www.openstreetmap.org/node/12756656975,2026-07-15,pending_review,Imported from OpenStreetMap.
Tyrepower,,tyres,darebin,,,,https://www.openstreetmap.org/node/12756707317,2026-07-15,pending_review,Imported from OpenStreetMap.
Magic Rainbow Sign & Print,,signmaker,darebin,,,,https://www.openstreetmap.org/node/12756708432,2026-07-15,pending_review,Imported from OpenStreetMap.
3D Printer Gear,"781 High Street, VIC 3073",hardware,darebin,,,https://www.3dprintergear.com.au/,https://www.openstreetmap.org/node/12893860101,2026-07-15,pending_review,Imported from OpenStreetMap.
Malaysian Kitchen,,restaurant,darebin,,,,https://www.openstreetmap.org/node/12976186801,2026-07-15,pending_review,Imported from OpenStreetMap.
Melbourne Indoor Plants,210 Bell Street,garden-centre,darebin,,,,https://www.openstreetmap.org/node/12979131561,2026-07-15,pending_review,Imported from OpenStreetMap.
Lievito Madre Pizzeria,,fast-food,darebin,,,,https://www.openstreetmap.org/node/12981588617,2026-07-15,pending_review,Imported from OpenStreetMap.
Oscar Smith,,cafe,darebin,,,,https://www.openstreetmap.org/node/12984994732,2026-07-15,pending_review,Imported from OpenStreetMap.
Sardinas,,bar,darebin,,,https://sardinas.com.au/,https://www.openstreetmap.org/node/12986924943,2026-07-15,pending_review,Imported from OpenStreetMap.
Molon Labe Souvlaki Bar,672 High Street,fast-food,darebin,,,,https://www.openstreetmap.org/node/13025708001,2026-07-15,pending_review,Imported from OpenStreetMap.
Preston Car Wash,,car-wash,darebin,,,,https://www.openstreetmap.org/node/13049451680,2026-07-15,pending_review,Imported from OpenStreetMap.
Narai Classic,,restaurant,darebin,,,,https://www.openstreetmap.org/node/13051345671,2026-07-15,pending_review,Imported from OpenStreetMap.
Dreamweaver,,household-linen,darebin,,,,https://www.openstreetmap.org/node/13051346998,2026-07-15,pending_review,Imported from OpenStreetMap.
Amplifon,,hearing-aids,darebin,,,,https://www.openstreetmap.org/node/13064619290,2026-07-15,pending_review,Imported from OpenStreetMap.
All About Hair,,hairdresser,darebin,,,,https://www.openstreetmap.org/node/13076822619,2026-07-15,pending_review,Imported from OpenStreetMap.
The Corner Stop,,tobacco,darebin,,,,https://www.openstreetmap.org/node/13076832736,2026-07-15,pending_review,Imported from OpenStreetMap.
Broadway Quality Meats,,butcher,darebin,,,,https://www.openstreetmap.org/node/13080878471,2026-07-15,pending_review,Imported from OpenStreetMap.
Glint,,cafe,darebin,,,,https://www.openstreetmap.org/node/13080894003,2026-07-15,pending_review,Imported from OpenStreetMap.
Nicholson Real Estate,,estate-agent,darebin,,,,https://www.openstreetmap.org/node/13080900784,2026-07-15,pending_review,Imported from OpenStreetMap.
The Hedgy Hutt,,fast-food,darebin,,,,https://www.openstreetmap.org/node/13296154580,2026-07-15,pending_review,Imported from OpenStreetMap.
Flinders Sourdough,"Wingrove Street, Alphington VIC 3078",bakery,alphington,,,https://www.flinderssourdough.com.au/,https://www.openstreetmap.org/node/13352322283,2026-07-15,pending_review,Imported from OpenStreetMap.
Wilbur Says,,gift,darebin,,,,https://www.openstreetmap.org/node/13371253491,2026-07-15,pending_review,Imported from OpenStreetMap.
Grafali's Coffee Roasters,,cafe,darebin,,,,https://www.openstreetmap.org/node/13384211101,2026-07-15,pending_review,Imported from OpenStreetMap.
United Preston,,fuel,darebin,,,https://servicestations.unitedpetroleum.com.au/location/united-preston,https://www.openstreetmap.org/node/13616217600,2026-07-15,pending_review,Imported from OpenStreetMap.
Rat The Cafe,"72 Wales Street, VIC 3071",cafe,darebin,,,https://ratthecafe.com.au/,https://www.openstreetmap.org/node/13636210930,2026-07-15,pending_review,Imported from OpenStreetMap.
Preston South Pharmacy,50 Plenty Road,pharmacy,darebin,,+61 3 9484 3153,,https://www.openstreetmap.org/node/13784301301,2026-07-15,pending_review,Imported from OpenStreetMap.
Storage King,,storage-rental,darebin,,,,https://www.openstreetmap.org/node/13820112940,2026-07-15,pending_review,Imported from OpenStreetMap.
AWM,,electrical,darebin,,,,https://www.openstreetmap.org/node/13820137903,2026-07-15,pending_review,Imported from OpenStreetMap.
Master Maintenance,238 Edwardes Street,trade,darebin,,+61 404 208 921,https://mastermaintenanceps.com.au/,https://www.openstreetmap.org/node/13882954181,2026-07-15,pending_review,Imported from OpenStreetMap.
La Casa Del Pane,,bakery,darebin,,+61 407 049 956,,https://www.openstreetmap.org/node/13887391242,2026-07-15,pending_review,Imported from OpenStreetMap.
The Dupe Spot,2 Cobham Street,perfumery,darebin,info@thedupespot.com.au,+61 433 838 110,https://www.thedupespot.com.au/,https://www.openstreetmap.org/node/13944843429,2026-07-15,pending_review,Imported from OpenStreetMap.
Audacious Monk Bar,"128 Regent Street, VIC 3072",bar,darebin,,,,https://www.openstreetmap.org/node/13979534986,2026-07-15,pending_review,Imported from OpenStreetMap.
Westgarth Cinema,"89 High Street, Northcote VIC 3070",cinema,northcote,,+61 3 9482 2001,https://www.palacecinemas.com.au/cinemas/westgarth,https://www.openstreetmap.org/way/26747352,2026-07-15,pending_review,Imported from OpenStreetMap.
Northcote Plaza Shopping Centre,,mall,darebin,,,https://www.northcoteplaza.com/,https://www.openstreetmap.org/way/27527599,2026-07-15,pending_review,Imported from OpenStreetMap.
Woolworths,"50 Plenty Road, Preston VIC 3072",supermarket,preston,,+61 3 8347 6518,https://www.woolworths.com.au/,https://www.openstreetmap.org/way/28296634,2026-07-15,pending_review,Imported from OpenStreetMap.
Harvey Norman,,department-store,darebin,,,https://www.harveynorman.com.au/,https://www.openstreetmap.org/way/31609685,2026-07-15,pending_review,Imported from OpenStreetMap.
Officeworks,121 Bell Street,stationery,darebin,,+61 3 9287 8500,https://www.officeworks.com.au/shop/officeworks/storepage/W307/VIC/Preston,https://www.openstreetmap.org/way/31609694,2026-07-15,pending_review,Imported from OpenStreetMap.
Albion Charles Hotel,,pub,darebin,,,,https://www.openstreetmap.org/way/54455658,2026-07-15,pending_review,Imported from OpenStreetMap.
Preston South Shopping Centre,"50 Plenty Road, Preston VIC 3072",mall,preston,,,,https://www.openstreetmap.org/way/58059902,2026-07-15,pending_review,Imported from OpenStreetMap.
Northland Shopping Centre,50 Murray Road,mall,darebin,,,https://www.northlandshopping.com.au,https://www.openstreetmap.org/way/62061375,2026-07-15,pending_review,Imported from OpenStreetMap.
Moat Theatre,,theatre,darebin,,,,https://www.openstreetmap.org/way/75116935,2026-07-15,pending_review,Imported from OpenStreetMap.
Northland Bulk Centre,,shopping-centre,darebin,,,,https://www.openstreetmap.org/way/105136838,2026-07-15,pending_review,Imported from OpenStreetMap.
Chemist Warehouse,,chemist,darebin,,,,https://www.openstreetmap.org/way/109347697,2026-07-15,pending_review,Imported from OpenStreetMap.
Myer,,department-store,darebin,,,https://www.myer.com.au/,https://www.openstreetmap.org/way/111596757,2026-07-15,pending_review,Imported from OpenStreetMap.
Target,,department-store,darebin,,,https://www.target.com.au/,https://www.openstreetmap.org/way/111679179,2026-07-15,pending_review,Imported from OpenStreetMap.
Toys R Us,,toys,darebin,,,https://www.toysrus.com.au/,https://www.openstreetmap.org/way/111679180,2026-07-15,pending_review,Imported from OpenStreetMap.
Rebel,,sports,darebin,,,https://www.rebelsport.com.au/,https://www.openstreetmap.org/way/111679184,2026-07-15,pending_review,Imported from OpenStreetMap.
JB Hi-Fi,,electronics,darebin,,,https://www.jbhifi.com.au/,https://www.openstreetmap.org/way/111679186,2026-07-15,pending_review,Imported from OpenStreetMap.
Mr Miller,"114 Miller Street, VIC 3072",cafe,darebin,,,https://mrmillercafe.com/,https://www.openstreetmap.org/way/115250425,2026-07-15,pending_review,Imported from OpenStreetMap.
Northcote Central,,mall,darebin,,,,https://www.openstreetmap.org/way/129171568,2026-07-15,pending_review,Imported from OpenStreetMap.
Northcote Plaza,,mall,darebin,,,,https://www.openstreetmap.org/way/129171569,2026-07-15,pending_review,Imported from OpenStreetMap.
Preston Market,,mall,darebin,,,https://www.prestonmarket.com.au/,https://www.openstreetmap.org/way/136388818,2026-07-15,pending_review,Imported from OpenStreetMap.
Aldi,"15 Dundas Street, Preston VIC 3072",supermarket,preston,,,,https://www.openstreetmap.org/way/192918620,2026-07-15,pending_review,Imported from OpenStreetMap.
Max Kirwan Mazda,"120 Bell Street, Preston VIC 3072",car,preston,,+61 3 9480 3555,https://www.maxkirwan.com.au/,https://www.openstreetmap.org/way/203317300,2026-07-15,pending_review,Imported from OpenStreetMap.
Olympic Hotel,"31 Albert Street, Preston VIC 3072",pub,preston,,+61 3 9484 4978,https://www.theolympichotel.com/,https://www.openstreetmap.org/way/203317344,2026-07-15,pending_review,Imported from OpenStreetMap.
St. Georges,,restaurant,darebin,stgeorges@nmit.edu.au,+61 3 9269 1577,https://www.nmit.edu.au/about/restaurants/st_georges/,https://www.openstreetmap.org/way/209935872,2026-07-15,pending_review,Imported from OpenStreetMap.
Shiners Jet Wash,,car-wash,darebin,,,,https://www.openstreetmap.org/way/217381206,2026-07-15,pending_review,Imported from OpenStreetMap.
EG Australia,"340 Murray Road, Preston VIC 3072",fuel,preston,,+61 3 9470 5129,,https://www.openstreetmap.org/way/221471763,2026-07-15,pending_review,Imported from OpenStreetMap.
Liberty,,convenience,darebin,,,,https://www.openstreetmap.org/way/244816636,2026-07-15,pending_review,Imported from OpenStreetMap.
Darebin RSL,"396-402 Bell Street, Preston VIC 3072",pub,preston,,,https://darebinrsl.com.au/,https://www.openstreetmap.org/way/272209061,2026-07-15,pending_review,Imported from OpenStreetMap.
Preston Corporate Centre,,company,darebin,,,,https://www.openstreetmap.org/way/273455171,2026-07-15,pending_review,Imported from OpenStreetMap.
Eagle Bar,,bar,darebin,,,,https://www.openstreetmap.org/way/280295658,2026-07-15,pending_review,Imported from OpenStreetMap.
Select 7,,fuel,darebin,,,,https://www.openstreetmap.org/way/304784925,2026-07-15,pending_review,Imported from OpenStreetMap.
Car Wash,,car-wash,darebin,,,,https://www.openstreetmap.org/way/304785994,2026-07-15,pending_review,Imported from OpenStreetMap.
LMCT+,,fuel,darebin,,,,https://www.openstreetmap.org/way/325013211,2026-07-15,pending_review,Imported from OpenStreetMap.
Bell Cellar & Grocery,,supermarket,darebin,,,,https://www.openstreetmap.org/way/325014940,2026-07-15,pending_review,Imported from OpenStreetMap.
Coles Express,,fuel,darebin,,,https://www.colesexpress.com.au/,https://www.openstreetmap.org/way/325015748,2026-07-15,pending_review,Imported from OpenStreetMap.
BP Shop,,convenience,darebin,,,https://www.bp.com.au,https://www.openstreetmap.org/way/327721023,2026-07-15,pending_review,Imported from OpenStreetMap.
Reddy Express,,convenience,darebin,,,https://www.reddyexpress.com.au/,https://www.openstreetmap.org/way/327721299,2026-07-15,pending_review,Imported from OpenStreetMap.
Quickstop,,convenience,darebin,,,,https://www.openstreetmap.org/way/327721404,2026-07-15,pending_review,Imported from OpenStreetMap.
Dan Murphy's,147-153 Bell Street,alcohol,darebin,,,https://www.danmurphys.com.au/,https://www.openstreetmap.org/way/330634520,2026-07-15,pending_review,Imported from OpenStreetMap.
Bell Funeral Services,179A Bell Street,funeral-directors,darebin,,+61 3 9499 2435,https://www.bellfuneralservices.com.au/,https://www.openstreetmap.org/way/330636731,2026-07-15,pending_review,Imported from OpenStreetMap.
BP Kingsbury,,fuel,darebin,,+61 3 9478 1963,,https://www.openstreetmap.org/way/331666173,2026-07-15,pending_review,Imported from OpenStreetMap.
Summerhill Shopping Centre,"850 Plenty Road, VIC 3073",mall,darebin,,,https://summerhillshoppingcentre.com.au/,https://www.openstreetmap.org/way/332664627,2026-07-15,pending_review,Imported from OpenStreetMap.
Farm Cafe,,cafe,darebin,,,,https://www.openstreetmap.org/way/361144277,2026-07-15,pending_review,Imported from OpenStreetMap.
EG Australia,,convenience,darebin,,,,https://www.openstreetmap.org/way/382367494,2026-07-15,pending_review,Imported from OpenStreetMap.
Coles,"325 Spring Street, Reservoir VIC 3073",supermarket,reservoir,,,https://www.coles.com.au/,https://www.openstreetmap.org/way/382367751,2026-07-15,pending_review,Imported from OpenStreetMap.
EG Australia,,fuel,darebin,,,,https://www.openstreetmap.org/way/383396197,2026-07-15,pending_review,Imported from OpenStreetMap.
Pedal Cyclery,,bicycle,darebin,,+61 3 8060 9043,https://pedalcyclery.com.au/,https://www.openstreetmap.org/way/426141347,2026-07-15,pending_review,Imported from OpenStreetMap.
Woolworths Petrol,,fuel,darebin,,,https://www.woolworthspetrol.com.au/,https://www.openstreetmap.org/way/433203103,2026-07-15,pending_review,Imported from OpenStreetMap.
Woolworths MetroGo,,convenience,darebin,,,https://www.woolworthspetrol.com.au/,https://www.openstreetmap.org/way/433203104,2026-07-15,pending_review,Imported from OpenStreetMap.
Paintmobile,"6-34 High Street, Preston VIC 3072",paint,preston,,+61 3 9484 6100,https://paintmobile.com.au/,https://www.openstreetmap.org/way/433203204,2026-07-15,pending_review,Imported from OpenStreetMap.
Cedar Bakery,"3373- High Street, Preston VIC 3072",bakery,preston,,+61 3 9484 4999,https://www.cedarbakery.com.au/,https://www.openstreetmap.org/way/433203205,2026-07-15,pending_review,Imported from OpenStreetMap.
BP,"408 Bell Street, Preston VIC 3072",fuel,preston,,+61 3 9484 7045,https://www.bp.com/en_au/australia/,https://www.openstreetmap.org/way/446743775,2026-07-15,pending_review,Imported from OpenStreetMap.
Shell,,fuel,darebin,,,https://www.colesexpress.com.au/,https://www.openstreetmap.org/way/446744058,2026-07-15,pending_review,Imported from OpenStreetMap.
Caltex,,fuel,darebin,,,https://www.caltex.com.au/,https://www.openstreetmap.org/way/448570756,2026-07-15,pending_review,Imported from OpenStreetMap.
Chorba,,cafe,darebin,,,,https://www.openstreetmap.org/way/475179941,2026-07-15,pending_review,Imported from OpenStreetMap.
Shell,"1-5 Murray Road, Preston VIC 3072",fuel,preston,,,,https://www.openstreetmap.org/way/487233590,2026-07-15,pending_review,Imported from OpenStreetMap.
BP RIO Motors,"410 St Georges Road, Thornbury VIC 3071",convenience,thornbury,,+61 3 9484 2965,https://map.bp.com/en-AU/AU/gas-station/thornbury/bp-rio/0037,https://www.openstreetmap.org/way/503554375,2026-07-15,pending_review,Imported from OpenStreetMap.
Advantage Pharmacy,"705 High Street, Thornbury VIC 3071",pharmacy,thornbury,,,,https://www.openstreetmap.org/way/539765901,2026-07-15,pending_review,Imported from OpenStreetMap.
Rocca Motors,"648 High Street, Thornbury VIC 3071",car-repair,thornbury,,+61 3 9484 2202,,https://www.openstreetmap.org/way/540657122,2026-07-15,pending_review,Imported from OpenStreetMap.
Crosta d'Oro Hot Bread,"656 High Street, Thornbury VIC 3071",bakery,thornbury,,+61 3 9484 0519,,https://www.openstreetmap.org/way/540657123,2026-07-15,pending_review,Imported from OpenStreetMap.
Psarakos Market,"8 Clarendon Street, Thornbury VIC 3071",supermarket,thornbury,,,,https://www.openstreetmap.org/way/540657124,2026-07-15,pending_review,Imported from OpenStreetMap.
High End Hair,"624 High Street, Thornbury VIC 3071",hairdresser,thornbury,,,https://www.highendhair.com.au/,https://www.openstreetmap.org/way/540657139,2026-07-15,pending_review,Imported from OpenStreetMap.
E & A Salce,"647 High Street, Thornbury VIC 3071",pet,thornbury,,+61 3 9484 3805,https://www.salce.com.au/,https://www.openstreetmap.org/way/540657140,2026-07-15,pending_review,Imported from OpenStreetMap.
UltraTune,,car-repair,darebin,,+61 3 9489 0296,,https://www.openstreetmap.org/way/542674229,2026-07-15,pending_review,Imported from OpenStreetMap.
The Peacock Hotel,210 High Street,pub,darebin,,,https://www.peacockinnhotel.com/,https://www.openstreetmap.org/way/542674233,2026-07-15,pending_review,Imported from OpenStreetMap.
Hemp Health & Vape,"505 High Street, Northcote VIC 3070",e-cigarette,northcote,,+61 3 9077 2858,https://hemp-health-vape.business.site/,https://www.openstreetmap.org/way/575690457,2026-07-15,pending_review,Imported from OpenStreetMap.
Maple Glass Printing,"503 High Street, Northcote VIC 3070",glassblower,northcote,,,https://www.mapleglassprinting.com/,https://www.openstreetmap.org/way/575690458,2026-07-15,pending_review,Imported from OpenStreetMap.
Northcote Flowers,"485 High Street, Northcote VIC 3070",florist,northcote,,+61 3 9481 7051,https://www.northcoteflowers.com/,https://www.openstreetmap.org/way/575690460,2026-07-15,pending_review,Imported from OpenStreetMap.
Touchdown Tours,"488 High Street, Northcote VIC 3070",guide,northcote,,+61 3 9482 5215,https://touchdowntours.com.au/,https://www.openstreetmap.org/way/575690817,2026-07-15,pending_review,Imported from OpenStreetMap.
Haru Dining - Japanese,"490-492 High Street, Northcote VIC 3070",restaurant,northcote,,+61 3 9489 5551,https://sukhothai.com.au/,https://www.openstreetmap.org/way/575690818,2026-07-15,pending_review,Imported from OpenStreetMap.
99 Bikes,"1 Bell Street, Preston VIC 3072",bicycle,preston,,+61 3 9965 8871,https://www.99bikes.com.au/preston-bike-shop,https://www.openstreetmap.org/way/581781204,2026-07-15,pending_review,Imported from OpenStreetMap.
Foodary,"931 High Street, Reservoir VIC 3073",convenience,reservoir,,+61 3 9469 4778,,https://www.openstreetmap.org/way/583114340,2026-07-15,pending_review,Imported from OpenStreetMap.
Soakers,"939 High Street, Reservoir VIC 3073",car-wash,reservoir,,,,https://www.openstreetmap.org/way/583114348,2026-07-15,pending_review,Imported from OpenStreetMap.
EG Australia,"931 High Street, Reservoir VIC 3073",fuel,reservoir,,,,https://www.openstreetmap.org/way/583114350,2026-07-15,pending_review,Imported from OpenStreetMap.
Highside Automatics,151 Edwardes Street,car-repair,darebin,,+61 3 9462 1139,,https://www.openstreetmap.org/way/583120364,2026-07-15,pending_review,Imported from OpenStreetMap.
LMCT+,,convenience,darebin,,,,https://www.openstreetmap.org/way/583213924,2026-07-15,pending_review,Imported from OpenStreetMap.
Computers and Parts Land,"72 Albert Street, Preston VIC 3072",computer,preston,,+61 3 9470 2285,https://cplonline.com.au/,https://www.openstreetmap.org/way/587353100,2026-07-15,pending_review,Imported from OpenStreetMap.
PC & Laptop Repair,384 High Street,it,darebin,,,,https://www.openstreetmap.org/way/588020955,2026-07-15,pending_review,Imported from OpenStreetMap.
Maurice Blackburn Lawyers,"301 Spring Street, Reservoir VIC 3073",lawyer,reservoir,,,https://www.mauriceblackburn.com.au/contact/reservoir/,https://www.openstreetmap.org/way/592231391,2026-07-15,pending_review,Imported from OpenStreetMap.
Fish Hut Fish and Chips,,fast-food,darebin,,,,https://www.openstreetmap.org/way/592231393,2026-07-15,pending_review,Imported from OpenStreetMap.
Australian Hearing,,hearing-aids,darebin,,,,https://www.openstreetmap.org/way/594029778,2026-07-15,pending_review,Imported from OpenStreetMap.
Shine Lawyers,,lawyer,darebin,,,,https://www.openstreetmap.org/way/594029780,2026-07-15,pending_review,Imported from OpenStreetMap.
McQueen,263 Spring Street,hairdresser,darebin,,,,https://www.openstreetmap.org/way/594029781,2026-07-15,pending_review,Imported from OpenStreetMap.
Home Make It,265 Spring Street,houseware,darebin,,,,https://www.openstreetmap.org/way/594029782,2026-07-15,pending_review,Imported from OpenStreetMap.
Bologna Smallgoods,,deli,darebin,,,,https://www.openstreetmap.org/way/594029785,2026-07-15,pending_review,Imported from OpenStreetMap.
Phon Pi Sai,,restaurant,darebin,,,,https://www.openstreetmap.org/way/594029787,2026-07-15,pending_review,Imported from OpenStreetMap.
La Porchetta,275 Spring Street,restaurant,darebin,,,,https://www.openstreetmap.org/way/594029790,2026-07-15,pending_review,Imported from OpenStreetMap.
Lilypad Florist,277 Spring Street,florist,darebin,,,,https://www.openstreetmap.org/way/594029792,2026-07-15,pending_review,Imported from OpenStreetMap.
Darebin Community Legal Centre,279 Spring Street,lawyer,darebin,,,,https://www.openstreetmap.org/way/594029793,2026-07-15,pending_review,Imported from OpenStreetMap.
Danny's Coin Laundry,"923 High Street, Thornbury VIC 3071",laundry,thornbury,,,,https://www.openstreetmap.org/way/597556267,2026-07-15,pending_review,Imported from OpenStreetMap.
Hencho En Mexico,"921 High Street, Thornbury VIC 3071",restaurant,thornbury,,+61 3 9416 8789,https://hechoenmexico.com.au/thornbury/,https://www.openstreetmap.org/way/597556268,2026-07-15,pending_review,Imported from OpenStreetMap.
Buff Me Up,"919 High Street, Thornbury VIC 3071",beauty,thornbury,,+61 3 9484 3575,,https://www.openstreetmap.org/way/597556269,2026-07-15,pending_review,Imported from OpenStreetMap.
Umberto Espresso Bar,"917 High Street, Thornbury VIC 3071",restaurant,thornbury,,+61 3 9484 8654,https://www.umberto.com.au/,https://www.openstreetmap.org/way/597556270,2026-07-15,pending_review,Imported from OpenStreetMap.
Ballard's,"915 High Street, Thornbury VIC 3071",restaurant,thornbury,,,https://carrot-jellyfish-7mgz.squarespace.com/,https://www.openstreetmap.org/way/597556271,2026-07-15,pending_review,Imported from OpenStreetMap.
Icecream Social,"907 High Street, Thornbury VIC 3071",ice-cream,thornbury,,,https://icecreamsocial.com.au/,https://www.openstreetmap.org/way/597556273,2026-07-15,pending_review,Imported from OpenStreetMap.
Lulu's Melbourne,"905 High Street, Thornbury VIC 3071",music,thornbury,,,https://lulusmelb.com/,https://www.openstreetmap.org/way/597556274,2026-07-15,pending_review,Imported from OpenStreetMap.
Spice Treasure,"903 High Street, Thornbury VIC 3071",restaurant,thornbury,,+61 3 9480 3361,,https://www.openstreetmap.org/way/597556275,2026-07-15,pending_review,Imported from OpenStreetMap.
Swill,"901 High Street, Thornbury VIC 3071",bar,thornbury,,,,https://www.openstreetmap.org/way/597556276,2026-07-15,pending_review,Imported from OpenStreetMap.
Fish On High,"844 High Street, Thornbury VIC 3071",fast-food,thornbury,,+61 3 9484 2668,https://www.fishonhigh.com/,https://www.openstreetmap.org/way/597556280,2026-07-15,pending_review,Imported from OpenStreetMap.
Front Cover,"838-840 High Street, Thornbury VIC 3071",wholesale,thornbury,,+61 3 9826 1888,https://www.frontcover.com.au/melbourne-wholesale-fashion/,https://www.openstreetmap.org/way/597556281,2026-07-15,pending_review,Imported from OpenStreetMap.
Reborn Hair,"836 High Street, Thornbury VIC 3071",hairdresser,thornbury,,+61 3 9484 9977,https://www.rebornhair.com.au/,https://www.openstreetmap.org/way/597556282,2026-07-15,pending_review,Imported from OpenStreetMap.
Wolf and Swill,"826 High Street, Thornbury VIC 3071",bar,thornbury,,,https://www.wolfandswill.com/,https://www.openstreetmap.org/way/597556288,2026-07-15,pending_review,Imported from OpenStreetMap.
Fully Booked,"824 High Street, Thornbury VIC 3071",books,thornbury,,,,https://www.openstreetmap.org/way/597556289,2026-07-15,pending_review,Imported from OpenStreetMap.
Nasty's,"806 High Street, Thornbury VIC 3071",bar,thornbury,,,https://nastys.com.au/,https://www.openstreetmap.org/way/597556297,2026-07-15,pending_review,Imported from OpenStreetMap.
The Last Hurrah,"804 High Street, Thornbury VIC 3071",funeral-directors,thornbury,,,https://www.lasthurrahfunerals.com.au/,https://www.openstreetmap.org/way/597556298,2026-07-15,pending_review,Imported from OpenStreetMap.
Profile Doors,"899 High Street, Thornbury VIC 3071",doors,thornbury,,,https://www.profiledoors.com.au/,https://www.openstreetmap.org/way/604106901,2026-07-15,pending_review,Imported from OpenStreetMap.
Lords of the North,"895 High Street, Thornbury VIC 3071",hairdresser,thornbury,,+61 3 9484 9639,https://www.lotnbarber.com/,https://www.openstreetmap.org/way/604106903,2026-07-15,pending_review,Imported from OpenStreetMap.
DK Picture Framing,"893 High Street, Thornbury VIC 3071",frame,thornbury,,+61 3 9484 6322,https://www.dkpictureframing.websyte.com.au/,https://www.openstreetmap.org/way/604106904,2026-07-15,pending_review,Imported from OpenStreetMap.
G.J. Gardner Homes,"889 High Street, Thornbury VIC 3071",builder,thornbury,,+61 3 9467 1383,https://www.gjgardner.com.au/,https://www.openstreetmap.org/way/604106906,2026-07-15,pending_review,Imported from OpenStreetMap.
All Are Welcome,"887 High Street, Thornbury VIC 3071",bakery,thornbury,,,https://all-are-welcome.com/,https://www.openstreetmap.org/way/604106907,2026-07-15,pending_review,Imported from OpenStreetMap.
Allure Bathrooms,"367 Bell Street, Preston VIC 3072",bathroom-furnishing,preston,,,https://www.allurebathrooms.com.au/,https://www.openstreetmap.org/way/609071111,2026-07-15,pending_review,Imported from OpenStreetMap.
Duval,"60 High Street, VIC 3070",hairdresser,darebin,,,https://salonduval.com.au/,https://www.openstreetmap.org/way/609091115,2026-07-15,pending_review,Imported from OpenStreetMap.
17sundays,62 High Street,clothes,darebin,,,,https://www.openstreetmap.org/way/609091116,2026-07-15,pending_review,Imported from OpenStreetMap.
Westgarth Pharmacy,64 High Street,pharmacy,darebin,,+61 3 9481 3807,https://www.westgarthpharmacy.com.au/,https://www.openstreetmap.org/way/609091118,2026-07-15,pending_review,Imported from OpenStreetMap.
Vex,"66-68 High Street, Northcote VIC 3070",restaurant,northcote,,,https://www.vexdining.com/,https://www.openstreetmap.org/way/609091120,2026-07-15,pending_review,Imported from OpenStreetMap.
Phil's Bakehouse & Cafe,"72 High Street, Northcote VIC 3070",bakery,northcote,,,,https://www.openstreetmap.org/way/609091123,2026-07-15,pending_review,Imported from OpenStreetMap.
Serendib,"76 High Street, Northcote VIC 3070",restaurant,northcote,,,https://serendibnorthcote.com.au/,https://www.openstreetmap.org/way/609091127,2026-07-15,pending_review,Imported from OpenStreetMap.
Inzagi,"78-80;80 High Street, VIC 3070",clothes,darebin,,,https://inzagi.com.au/,https://www.openstreetmap.org/way/609091132,2026-07-15,pending_review,Imported from OpenStreetMap.
Danny's Dry Cleaning,88 High Street,dry-cleaning,darebin,,,,https://www.openstreetmap.org/way/609091137,2026-07-15,pending_review,Imported from OpenStreetMap.
OnTap Data,"90 High Street, VIC 3070",company,darebin,,,,https://www.openstreetmap.org/way/609091138,2026-07-15,pending_review,Imported from OpenStreetMap.
Taxiboat,94 High Street,restaurant,darebin,,+61 3 9482 7882,https://taxiboat.com.au/,https://www.openstreetmap.org/way/609091148,2026-07-15,pending_review,Imported from OpenStreetMap.
Samuel Pepys,96 High Street,alcohol,darebin,,+61 3 9481 2449,https://samuelpepys.com.au/,https://www.openstreetmap.org/way/609091151,2026-07-15,pending_review,Imported from OpenStreetMap.
Ferdinand,98-100 High Street,restaurant,darebin,,+61 3 9042 7247,https://ferdinand.com.au/,https://www.openstreetmap.org/way/609091154,2026-07-15,pending_review,Imported from OpenStreetMap.
Base Camp,102 High Street,restaurant,darebin,,+61 3 9482 1168,https://www.basecamprestaurant.com.au/,https://www.openstreetmap.org/way/609091161,2026-07-15,pending_review,Imported from OpenStreetMap.
Primo,104 High Street,restaurant,darebin,,+61 3 9482 2000,https://eatprimo.com.au/,https://www.openstreetmap.org/way/609091164,2026-07-15,pending_review,Imported from OpenStreetMap.
Thornbury Picture House,"802 High Street, Thornbury VIC 3071",cinema,thornbury,,,https://thornburypicturehouse.com.au/,https://www.openstreetmap.org/way/612405886,2026-07-15,pending_review,Imported from OpenStreetMap.
Think Thornbury,"800 High Street, Thornbury VIC 3071",yes,thornbury,,,https://thinkthornbury.com/,https://www.openstreetmap.org/way/612405887,2026-07-15,pending_review,Imported from OpenStreetMap.
The Dog's Lounge,"798 High Street, Thornbury VIC 3071",pet-grooming,thornbury,,+61 3 9480 5063,https://thedogslounge.com.au/,https://www.openstreetmap.org/way/612405888,2026-07-15,pending_review,Imported from OpenStreetMap.
Luther's,"796 High Street, Thornbury VIC 3071",ice-cream,thornbury,,,https://www.luthers.com.au/,https://www.openstreetmap.org/way/612405890,2026-07-15,pending_review,Imported from OpenStreetMap.
Greek Street Food,"794 High Street, Thornbury VIC 3071",restaurant,thornbury,,+61 3 9484 9478,https://www.greekstreetfood.com.au/,https://www.openstreetmap.org/way/612405891,2026-07-15,pending_review,Imported from OpenStreetMap.
G'day Kitty,"776 High Street, Thornbury VIC 3071",yes,thornbury,,,https://www.gdaykitty.com.au/,https://www.openstreetmap.org/way/612405904,2026-07-15,pending_review,Imported from OpenStreetMap.
Collin & Kirk,"774 High Street, Thornbury VIC 3071",optician,thornbury,,+61 3 9484 1127,https://collinandkirk.com.au/,https://www.openstreetmap.org/way/612405905,2026-07-15,pending_review,Imported from OpenStreetMap.
GC Perry & Co,"768 High Street, Thornbury VIC 3071",accountant,thornbury,,+61 3 9484 5050,,https://www.openstreetmap.org/way/615101434,2026-07-15,pending_review,Imported from OpenStreetMap.
Woodards Commercial,"766 High Street, Thornbury VIC 3071",estate-agent,thornbury,,,,https://www.openstreetmap.org/way/615101436,2026-07-15,pending_review,Imported from OpenStreetMap.
Thomas A. Riddell,"762 High Street, Thornbury VIC 3071",estate-agent,thornbury,,+61 3 9484 0664,https://thomasriddell.com.au/,https://www.openstreetmap.org/way/615101439,2026-07-15,pending_review,Imported from OpenStreetMap.
Sensational Beauty Clinic,"760 High Street, Thornbury VIC 3071",beauty,thornbury,,+61 3 9484 8388,https://www.sensationalbeautyclinic.com/,https://www.openstreetmap.org/way/615101441,2026-07-15,pending_review,Imported from OpenStreetMap.
GMB Infinity,"758 High Street, Thornbury VIC 3071",financial-advisor,thornbury,,+61 3 9480 0388,,https://www.openstreetmap.org/way/615101442,2026-07-15,pending_review,Imported from OpenStreetMap.
The Music Jungle,"746 High Street, Thornbury VIC 3071",music,thornbury,,,,https://www.openstreetmap.org/way/617277652,2026-07-15,pending_review,Imported from OpenStreetMap.
Dean's Picture Framing,"742 High Street, Thornbury VIC 3071",frame,thornbury,,+61 3 9480 3963,,https://www.openstreetmap.org/way/617277654,2026-07-15,pending_review,Imported from OpenStreetMap.
Perimeter Books,"734 High Street, Thornbury VIC 3071",books,thornbury,hello@perimeterbooks.com,+61 3 9484 8101,https://www.perimeterbooks.com/,https://www.openstreetmap.org/way/617277658,2026-07-15,pending_review,Imported from OpenStreetMap.
Nefertitti Massage & Katie Shisha,"783 High Street, Thornbury VIC 3071",massage,thornbury,,+61 3 9480 5422,https://shisha-bar-katies-shisha.business.site/,https://www.openstreetmap.org/way/617277675,2026-07-15,pending_review,Imported from OpenStreetMap.
Venus & Mars,"781 High Street, Thornbury VIC 3071",clothes,thornbury,,,,https://www.openstreetmap.org/way/617277676,2026-07-15,pending_review,Imported from OpenStreetMap.
Best Home Furniture & Bedding,"773 High Street, Thornbury VIC 3071",furniture,thornbury,,+61 3 9484 2883,https://www.paylessmattressbeds.com.au/,https://www.openstreetmap.org/way/617284727,2026-07-15,pending_review,Imported from OpenStreetMap.
Star Therapy Care,"771 High Street, Thornbury VIC 3071",massage,thornbury,,,,https://www.openstreetmap.org/way/617284728,2026-07-15,pending_review,Imported from OpenStreetMap.
The Saltiest Dog,"763a High Street, Thornbury VIC 3071",pet,thornbury,,,https://the-saltiest-dog.com.au/,https://www.openstreetmap.org/way/617284730,2026-07-15,pending_review,Imported from OpenStreetMap.
Thornbury Carburettors,"763 High Street, Thornbury VIC 3071",car-repair,thornbury,,+61 3 9480 2108,https://www.thornburycarburettors.com.au/,https://www.openstreetmap.org/way/617284732,2026-07-15,pending_review,Imported from OpenStreetMap.
Art Detailing,"700 High Street, Thornbury VIC 3071",car-wash,thornbury,,,,https://www.openstreetmap.org/way/617286957,2026-07-15,pending_review,Imported from OpenStreetMap.
Flowers to Love,"684 High Street, Thornbury VIC 3071",florist,thornbury,,,https://flowerstolove.com.au/,https://www.openstreetmap.org/way/617286963,2026-07-15,pending_review,Imported from OpenStreetMap.
The Specialist Barber,"676 High Street, Thornbury VIC 3071",hairdresser,thornbury,,+61 3 9416 8000,https://thespecialistbarber.com.au/,https://www.openstreetmap.org/way/617287479,2026-07-15,pending_review,Imported from OpenStreetMap.
Sianas & Associates,"674 High Street, Thornbury VIC 3071",accountant,thornbury,,+61 3 9484 3370,,https://www.openstreetmap.org/way/617287480,2026-07-15,pending_review,Imported from OpenStreetMap.
Thornbury Veterinary Hospital,"670-672 High Street, Thornbury VIC 3071",veterinary,thornbury,,+61 3 9480 1333,https://www.thornburyvet.com.au/,https://www.openstreetmap.org/way/617287484,2026-07-15,pending_review,Imported from OpenStreetMap.
Thornbury Laundrette,"668 High Street, Thornbury VIC 3071",laundry,thornbury,,,,https://www.openstreetmap.org/way/617287486,2026-07-15,pending_review,Imported from OpenStreetMap.
Sunny Electronics,"662-664 High Street, Thornbury VIC 3071",electronics,thornbury,,+61 3 9416 7747,https://www.sunnyelectronics.com.au/,https://www.openstreetmap.org/way/617287490,2026-07-15,pending_review,Imported from OpenStreetMap.
Comito Iacovino & Co,"660 High Street, Thornbury VIC 3071",lawyer,thornbury,,+61 3 9480 1544,https://www.comito.com.au/,https://www.openstreetmap.org/way/617287491,2026-07-15,pending_review,Imported from OpenStreetMap.
Franklin's Bar,"646 High Street, Thornbury VIC 3071",bar,thornbury,,,https://www.franklinsbar.com/,https://www.openstreetmap.org/way/617287493,2026-07-15,pending_review,Imported from OpenStreetMap.
The Old Dog Cafe,"618 High Street, Thornbury VIC 3071",cafe,thornbury,,+61 3 8596 0943,https://theolddogcafe.com.au/,https://www.openstreetmap.org/way/617289783,2026-07-15,pending_review,Imported from OpenStreetMap.
Lestat Hair,"616 High Street, Thornbury VIC 3071",hairdresser,thornbury,,+61 3 9484 5754,https://lestat-hair.business.site/,https://www.openstreetmap.org/way/617289784,2026-07-15,pending_review,Imported from OpenStreetMap.
Il Bolide Rosso,"610-612 High Street, Thornbury VIC 3071",car-repair,thornbury,,+61 3 9484 6534,https://ilboliderosso.com/,https://www.openstreetmap.org/way/617289786,2026-07-15,pending_review,Imported from OpenStreetMap.
Farro,"608 High Street, Thornbury VIC 3071",restaurant,thornbury,,,https://farro.com.au/,https://www.openstreetmap.org/way/617289787,2026-07-15,pending_review,Imported from OpenStreetMap.
Clearwater Carwash,"600 High Street, Thornbury VIC 3071",car-wash,thornbury,,+61 3 9484 2243,https://www.clearwatercarwash.com.au/,https://www.openstreetmap.org/way/617289791,2026-07-15,pending_review,Imported from OpenStreetMap.
Nostalgia Antiques,"590 High Street, Thornbury VIC 3071",antiques,thornbury,,+61 3 9480 3745,https://www.nostalgiaantiques.com.au/,https://www.openstreetmap.org/way/617289794,2026-07-15,pending_review,Imported from OpenStreetMap.
Northern Git,"757 High Street, Thornbury VIC 3071",restaurant,thornbury,,+61 3 9484 6389,https://www.getatgit.com/,https://www.openstreetmap.org/way/617332899,2026-07-15,pending_review,Imported from OpenStreetMap.
PharmaSave,"755 High Street, Thornbury VIC 3071",pharmacy,thornbury,,,https://www.pharmasave.com.au/,https://www.openstreetmap.org/way/617332901,2026-07-15,pending_review,Imported from OpenStreetMap.
Thornbury Family Clinic,"753 High Street, Thornbury VIC 3071",clinic,thornbury,,,,https://www.openstreetmap.org/way/617332902,2026-07-15,pending_review,Imported from OpenStreetMap.
Rumble Barbers,"737 High Street, Thornbury VIC 3071",hairdresser,thornbury,,+61 3 9484 3782,,https://www.openstreetmap.org/way/617332906,2026-07-15,pending_review,Imported from OpenStreetMap.
Short Round,"731 High Street, Thornbury VIC 3071",cafe,thornbury,,+61 3 9484 3904,https://www.shortround.com.au/,https://www.openstreetmap.org/way/617332910,2026-07-15,pending_review,Imported from OpenStreetMap.
DCF Studios,"721a High Street, Thornbury VIC 3071",studio,thornbury,,,https://dcfstudios.com.au/,https://www.openstreetmap.org/way/617332914,2026-07-15,pending_review,Imported from OpenStreetMap.
Dante Fairway Dry Cleaners,"715 High Street, Thornbury VIC 3071",dry-cleaning,thornbury,,,,https://www.openstreetmap.org/way/617332917,2026-07-15,pending_review,Imported from OpenStreetMap.
Green's Furniture,"713 High Street, Thornbury VIC 3071",furniture,thornbury,,+61 3 9484 5746,https://greensfurniture713.wixsite.com/greensfurniture,https://www.openstreetmap.org/way/617332918,2026-07-15,pending_review,Imported from OpenStreetMap.
Gummo Cafe,"711 High Street, Thornbury VIC 3071",bar,thornbury,,,https://www.cafegummo.com/,https://www.openstreetmap.org/way/617332919,2026-07-15,pending_review,Imported from OpenStreetMap.
Le Cafe Flo,"709 High Street, Thornbury VIC 3071",cafe,thornbury,,+61 3 9484 2089,https://www.lecafeflo.com/,https://www.openstreetmap.org/way/617332920,2026-07-15,pending_review,Imported from OpenStreetMap.
Thornbury Meat Supply,"701 High Street, Thornbury VIC 3071",butcher,thornbury,,+61 3 9484 3291,,https://www.openstreetmap.org/way/617332925,2026-07-15,pending_review,Imported from OpenStreetMap.
Taso's Cafe & Patisserie,"695 High Street, Thornbury VIC 3071",cafe,thornbury,,+61 3 9480 6222,https://www.tasos.com.au/,https://www.openstreetmap.org/way/617332929,2026-07-15,pending_review,Imported from OpenStreetMap.
Croxton Roosters Charcoal Chicken,"677 High Street, Thornbury VIC 3071",fast-food,thornbury,,+61 3 9480 5520,,https://www.openstreetmap.org/way/617332939,2026-07-15,pending_review,Imported from OpenStreetMap.
FoodWorks,"671-673 High Street, Thornbury VIC 3071",convenience,thornbury,,+61 3 9484 7683,https://chooser.myfoodworks.com.au/,https://www.openstreetmap.org/way/617333625,2026-07-15,pending_review,Imported from OpenStreetMap.
Miss Jay's Nails and Beauty,"667 High Street, Thornbury VIC 3071",beauty,thornbury,,,https://www.missjaysnailsandbeauty.com/,https://www.openstreetmap.org/way/617333627,2026-07-15,pending_review,Imported from OpenStreetMap.
Souvlaki GR,"665 High Street, Thornbury VIC 3071",fast-food,thornbury,,+61 3 9484 3366,https://souvlakigr.com.au/,https://www.openstreetmap.org/way/617333636,2026-07-15,pending_review,Imported from OpenStreetMap.
Crunch Cafe,"669 High Street, Thornbury VIC 3071",cafe,thornbury,,+61 3 9495 1655,https://crunch-cafe.business.site/,https://www.openstreetmap.org/way/617333637,2026-07-15,pending_review,Imported from OpenStreetMap.
Local Bean Cafe and Bar,"659-661 High Street, Thornbury VIC 3071",cafe,thornbury,,+61 3 9484 4904,,https://www.openstreetmap.org/way/617333641,2026-07-15,pending_review,Imported from OpenStreetMap.
Beauty and Beyond,"657 High Street, Thornbury VIC 3071",beauty,thornbury,,+61 3 9484 9266,https://www.beautyandbeyond-dayspa.com.au/,https://www.openstreetmap.org/way/617333646,2026-07-15,pending_review,Imported from OpenStreetMap.
1800 Lasagne,653 High Street,restaurant,darebin,,,https://www.1800lasagne.com.au/,https://www.openstreetmap.org/way/617333648,2026-07-15,pending_review,Imported from OpenStreetMap.
Thornbury Dry Cleaners,"651 High Street, Thornbury VIC 3071",dry-cleaning,thornbury,,+61 3 9484 3863,,https://www.openstreetmap.org/way/617333650,2026-07-15,pending_review,Imported from OpenStreetMap.
La Casareccia Pizza,"649 High Street, Thornbury VIC 3071",fast-food,thornbury,,+61 3 9480 1522,https://lacasareccia.loke.app/lacas/menu,https://www.openstreetmap.org/way/617333652,2026-07-15,pending_review,Imported from OpenStreetMap.
Atlantic Fish & Chips,"641 High Street, Thornbury VIC 3071",fast-food,thornbury,,+61 3 9480 4846,,https://www.openstreetmap.org/way/617504708,2026-07-15,pending_review,Imported from OpenStreetMap.
Prior Thornbury,"637 High Street, Thornbury VIC 3071",cafe,thornbury,,+61 3 9042 6074,https://www.priorthornbury.com.au/,https://www.openstreetmap.org/way/617504710,2026-07-15,pending_review,Imported from OpenStreetMap.
The Thornbury Local,"635 High Street, Thornbury VIC 3071",bar,thornbury,,+61 3 9495 0341,https://www.thethornburylocal.com/,https://www.openstreetmap.org/way/617504711,2026-07-15,pending_review,Imported from OpenStreetMap.
Multisonics,"631 High Street, Thornbury VIC 3071",hifi,thornbury,,,,https://www.openstreetmap.org/way/617504714,2026-07-15,pending_review,Imported from OpenStreetMap.
Mali Bakes,"627 High Street, Thornbury VIC 3071",pastry,thornbury,,,https://malibakes.com/,https://www.openstreetmap.org/way/617504716,2026-07-15,pending_review,Imported from OpenStreetMap.
PJ's Mexican Restaurant,599 High Street,restaurant,darebin,,+61 3 8395 5964,https://pjsmexican.com.au/,https://www.openstreetmap.org/way/617504721,2026-07-15,pending_review,Imported from OpenStreetMap.
DL Fashions,595 High Street,tailor,darebin,,,,https://www.openstreetmap.org/way/617504723,2026-07-15,pending_review,Imported from OpenStreetMap.
Sullivan's Pawn Shop,"597 High Street, Northcote VIC 3070",pawnbroker,northcote,,+61 3 9482 3000,,https://www.openstreetmap.org/way/617504727,2026-07-15,pending_review,Imported from OpenStreetMap.
Madeline and Co,"585 High Street, Northcote VIC 3070",hairdresser,northcote,,+61 3 7016 5783,https://www.madelineandco.com.au/,https://www.openstreetmap.org/way/617504728,2026-07-15,pending_review,Imported from OpenStreetMap.
Paint With Me,"579 High Street, Northcote VIC 3070",yes,northcote,,,https://www.paintwithme.com.au/,https://www.openstreetmap.org/way/617504731,2026-07-15,pending_review,Imported from OpenStreetMap.
Northcote Bakeshop,"571a High Street, Northcote VIC 3070",bakery,northcote,,+61 3 9489 5008,https://www.northcotebakeshop.com.au/,https://www.openstreetmap.org/way/617504736,2026-07-15,pending_review,Imported from OpenStreetMap.
Thai Tiki Hut,"571 High Street, Northcote VIC 3070",restaurant,northcote,,+61 3 9489 1171,,https://www.openstreetmap.org/way/617504737,2026-07-15,pending_review,Imported from OpenStreetMap.
Kitty Somerset,"565 High Street, Northcote VIC 3070",bar,northcote,,+61 3 9482 9445,https://www.kittysomerset.com.au/,https://www.openstreetmap.org/way/617504741,2026-07-15,pending_review,Imported from OpenStreetMap.
Oculus Tattoo,"561 High Street, Northcote VIC 3070",tattoo,northcote,,+61 3 9486 8679,,https://www.openstreetmap.org/way/617504743,2026-07-15,pending_review,Imported from OpenStreetMap.
Mabuhay Thai Massage,"557 High Street, Northcote VIC 3070",massage,northcote,,,https://mabuhaythaimassage.com.au/,https://www.openstreetmap.org/way/617504746,2026-07-15,pending_review,Imported from OpenStreetMap.
Fufanu,"551 High Street, Northcote VIC 3070",sports,northcote,,,https://fufanu.com.au/,https://www.openstreetmap.org/way/617504749,2026-07-15,pending_review,Imported from OpenStreetMap.
Vintage Tool Shop,"549 High Street, Northcote VIC 3070",hardware,northcote,,,https://vintagetoolshop.com.au/,https://www.openstreetmap.org/way/617504750,2026-07-15,pending_review,Imported from OpenStreetMap.
Northside Wines,"543-545 High Street, Northcote VIC 3070",wine,northcote,,+61 3 9188 4255,https://northside-wines.com.au/,https://www.openstreetmap.org/way/617504752,2026-07-15,pending_review,Imported from OpenStreetMap.
Northcote Souvlaki Bar and Tavern,"537 High Street, Northcote VIC 3070",restaurant,northcote,,+61 3 9489 4340,https://north-cote-souvlaki-bar-and-tavern.business.site/,https://www.openstreetmap.org/way/617504755,2026-07-15,pending_review,Imported from OpenStreetMap.
Naison Real Estate,"527 High Street, Northcote VIC 3070",estate-agent,northcote,,+61 3 9489 3444,https://naison.com.au/,https://www.openstreetmap.org/way/617504768,2026-07-15,pending_review,Imported from OpenStreetMap.
Victoria Massage,"521 High Street, Northcote VIC 3070",massage,northcote,,,,https://www.openstreetmap.org/way/617504773,2026-07-15,pending_review,Imported from OpenStreetMap.
Abar Computer,"519 High Street, Northcote VIC 3070",electronics-repair,northcote,,+61 3 9489 8827,,https://www.openstreetmap.org/way/617504774,2026-07-15,pending_review,Imported from OpenStreetMap.
Rug Affair,"517 High Street, Northcote VIC 3070",carpet,northcote,,+61 3 9482 6733,https://www.rugaffair.com.au/,https://www.openstreetmap.org/way/617504775,2026-07-15,pending_review,Imported from OpenStreetMap.
Sonic Rendezvous Music,"513 High Street, Northcote VIC 3070",music,northcote,,,https://www.sonicrendezvous.com/,https://www.openstreetmap.org/way/617504781,2026-07-15,pending_review,Imported from OpenStreetMap.
Top of the Hill,208 High Street,cafe,darebin,,,,https://www.openstreetmap.org/way/625183468,2026-07-15,pending_review,Imported from OpenStreetMap.
Penny Farthing Espresso,"206 High Street, Northcote VIC 3070",cafe,northcote,,,https://www.pennyfarthingespresso.com/,https://www.openstreetmap.org/way/625183469,2026-07-15,pending_review,Imported from OpenStreetMap.
Open Studio,"204 High Street, VIC 3070",bar,darebin,,,https://www.openstudiobar.com.au/,https://www.openstreetmap.org/way/625183471,2026-07-15,pending_review,Imported from OpenStreetMap.
Zsa's,202 High Street,restaurant,darebin,,+61 3 9482 1318,https://www.zsas.com.au/,https://www.openstreetmap.org/way/625183472,2026-07-15,pending_review,Imported from OpenStreetMap.
IntoWork Australia,192;192-198 High Street,employment-agency,darebin,,,https://intowork.com.au/,https://www.openstreetmap.org/way/625183476,2026-07-15,pending_review,Imported from OpenStreetMap.
Northcote Radiology Clinic,"167 High Street, Northcote VIC 3070",clinic,northcote,,+61 3 9481 0166,,https://www.openstreetmap.org/way/625183856,2026-07-15,pending_review,Imported from OpenStreetMap.
Budget,342 Murray Road,car-rental,darebin,,,https://www.budget.com.au/en/locations/au/vi/preston/a20,https://www.openstreetmap.org/way/627966183,2026-07-15,pending_review,Imported from OpenStreetMap.
Terra Madre,101-105 High Street,supermarket,darebin,enquiries@terramadre.com.au,+61 3 9489 5824,https://www.terramadre.com.au,https://www.openstreetmap.org/way/636680936,2026-07-15,pending_review,Imported from OpenStreetMap.
La Pinta Tapas Bar,,bar,darebin,,,,https://www.openstreetmap.org/way/658296171,2026-07-15,pending_review,Imported from OpenStreetMap.
Retropolis,"1 Newman Street, Preston VIC 3072",second-hand,preston,,+61 3 9416 8606,https://retropolis.com.au/,https://www.openstreetmap.org/way/691980829,2026-07-15,pending_review,Imported from OpenStreetMap.
My Foot clinic,,clinic,darebin,,,,https://www.openstreetmap.org/way/713212860,2026-07-15,pending_review,Imported from OpenStreetMap.
Reservoir Vet Clinic,"226 Spring Street, Reservoir VIC 3073",veterinary,reservoir,,+61 3 9471 0155,https://reservoirvet.com.au/,https://www.openstreetmap.org/way/810351944,2026-07-15,pending_review,Imported from OpenStreetMap.
Planning and Design Pty Ltd,"31 Enfield Avenue, Preston VIC 3072",architect,preston,,,,https://www.openstreetmap.org/way/816476274,2026-07-15,pending_review,Imported from OpenStreetMap.
Preston Fish & Chips,"35 Enfield Avenue, Preston VIC 3072",fast-food,preston,,+61 3 9478 8343,,https://www.openstreetmap.org/way/816476276,2026-07-15,pending_review,Imported from OpenStreetMap.
Sania Indian Restaurant,"39 Enfield Avenue, Preston VIC 3072",restaurant,preston,,,,https://www.openstreetmap.org/way/816476278,2026-07-15,pending_review,Imported from OpenStreetMap.
Bullwinkle's Pizza and Pasta,"41 Enfield Avenue, Preston VIC 3072",fast-food,preston,,+61 3 9471 9993,,https://www.openstreetmap.org/way/816476279,2026-07-15,pending_review,Imported from OpenStreetMap.
Central Cleaning Supplies,"439 Bell Street, Preston VIC 3072",cleaning-products,preston,,,,https://www.openstreetmap.org/way/834150545,2026-07-15,pending_review,Imported from OpenStreetMap.
Costante Imports,"379-385 Bell Street, Preston VIC 3072",general,preston,,,https://www.costanteimports.com.au/,https://www.openstreetmap.org/way/834841299,2026-07-15,pending_review,Imported from OpenStreetMap.
High Street Car Care,"929 High Street, Reservoir VIC 3073",car-repair,reservoir,,+61 3 9460 3017,https://highstcarcare.business.site/,https://www.openstreetmap.org/way/990595918,2026-07-15,pending_review,Imported from OpenStreetMap.
Hawkers Beer,,brewery,darebin,,,,https://www.openstreetmap.org/way/990870268,2026-07-15,pending_review,Imported from OpenStreetMap.
Five Star Kebabs,"939 High Street, Reservoir VIC 3073",fast-food,reservoir,,,,https://www.openstreetmap.org/way/990877184,2026-07-15,pending_review,Imported from OpenStreetMap.
Subway,"931 High Street, Reservoir VIC 3073",fast-food,reservoir,,,,https://www.openstreetmap.org/way/990877185,2026-07-15,pending_review,Imported from OpenStreetMap.
Reservoir Car Wash & Detailing,"937 High Street, Reservoir VIC 3073",car-wash,reservoir,,,,https://www.openstreetmap.org/way/990879794,2026-07-15,pending_review,Imported from OpenStreetMap.
Tradelink,"316 St Georges Road, Thornbury VIC 3071",trade,thornbury,,+61 3 8342 9220,https://tradelink.com.au/,https://www.openstreetmap.org/way/1071833933,2026-07-15,pending_review,Imported from OpenStreetMap.
Lobos Collectables,"310 St Georges Road, Thornbury VIC 3071",collector,thornbury,,+61 3 9416 8899,https://www.loboscollectables.com/index.html,https://www.openstreetmap.org/way/1071833934,2026-07-15,pending_review,Imported from OpenStreetMap.
KFC,"389 St Georges Road, Thornbury VIC 3071",fast-food,thornbury,,+61 3 9416 7040,https://www.kfc.com.au/,https://www.openstreetmap.org/way/1071833945,2026-07-15,pending_review,Imported from OpenStreetMap.
RBE Hair,"459 St Georges Road, Thornbury VIC 3071",hairdresser,thornbury,,,,https://www.openstreetmap.org/way/1071833948,2026-07-15,pending_review,Imported from OpenStreetMap.
Be Kind Roller Skates,"457 St Georges Road, Thornbury VIC 3071",sports,thornbury,,,https://bekindrollerskates.com/,https://www.openstreetmap.org/way/1071833949,2026-07-15,pending_review,Imported from OpenStreetMap.
Ampol,,fuel,darebin,,,,https://www.openstreetmap.org/way/1079915148,2026-07-15,pending_review,Imported from OpenStreetMap.
Little Henri,"850 High Street, Thornbury VIC 3071",cafe,thornbury,,+61 3 9484 8857,https://littlehenri.com.au/,https://www.openstreetmap.org/way/1105929814,2026-07-15,pending_review,Imported from OpenStreetMap.
Dean Dyson Architects,"830-832 High Street, Thornbury VIC 3071",architect,thornbury,,+61 3 9416 9524,https://deandysonarchitects.com.au/,https://www.openstreetmap.org/way/1107562243,2026-07-15,pending_review,Imported from OpenStreetMap.
Barton Fink,"816-818 High Street, Thornbury VIC 3071",bar,thornbury,,,https://bartonfink.com.au/,https://www.openstreetmap.org/way/1107562244,2026-07-15,pending_review,Imported from OpenStreetMap.
Love & Co,"770 High Street, Thornbury VIC 3071",estate-agent,thornbury,,+61 3 9480 2288,https://www.lovere.com.au/,https://www.openstreetmap.org/way/1108072236,2026-07-15,pending_review,Imported from OpenStreetMap.
Dr Autotec,"756 High Street, Thornbury VIC 3071",car-repair,thornbury,,+61 3 9484 2643,,https://www.openstreetmap.org/way/1108072237,2026-07-15,pending_review,Imported from OpenStreetMap.
National Storage,"582 High Street, Thornbury VIC 3071",storage-rental,thornbury,,+61 3 9480 5600,https://nationalstorage.com.au/,https://www.openstreetmap.org/way/1108827059,2026-07-15,pending_review,Imported from OpenStreetMap.
Northside Food Hall,"39 High Street, Preston VIC 3072",pub,preston,,,https://www.northsidefoodhall.com.au/,https://www.openstreetmap.org/way/1108834076,2026-07-15,pending_review,Imported from OpenStreetMap.
Briki Cafe,"27 Hutton Street, Thornbury VIC 3071",cafe,thornbury,,+61 3 9416 8828,,https://www.openstreetmap.org/way/1108841925,2026-07-15,pending_review,Imported from OpenStreetMap.
Eddy's Metal Polishing,"469 St Georges Road, Thornbury VIC 3071",metal-construction,thornbury,,+61 3 9484 0977,,https://www.openstreetmap.org/way/1108841927,2026-07-15,pending_review,Imported from OpenStreetMap.
OrganiCup ANZ,"441 St Georges Road, Thornbury VIC 3071",company,thornbury,,,,https://www.openstreetmap.org/way/1108841929,2026-07-15,pending_review,Imported from OpenStreetMap.
Elite Building & Maintenance,"437 St Georges Road, Thornbury VIC 3071",company,thornbury,,+61 3 9484 1199,https://eliteproperty.com.au/,https://www.openstreetmap.org/way/1108841930,2026-07-15,pending_review,Imported from OpenStreetMap.
Adept Office Furniture,"314 St Georges Road, Thornbury VIC 3071",furniture,thornbury,,+61 3 9484 0766,https://www.adeptoffice.com.au/,https://www.openstreetmap.org/way/1108841933,2026-07-15,pending_review,Imported from OpenStreetMap.
Bunnings Warehouse,64 - 74 Bell Street,doityourself,darebin,,,,https://www.openstreetmap.org/way/1123511397,2026-07-15,pending_review,Imported from OpenStreetMap.
Navarino Live,"575-577 High Street, Northcote VIC 3070",restaurant,northcote,,+61 3 9481 1203,,https://www.openstreetmap.org/way/1149553935,2026-07-15,pending_review,Imported from OpenStreetMap.
M.A. Sedawie & Co,"567-569 High Street, Northcote VIC 3070",insurance,northcote,,+61 3 9482 6699,https://www.sedawie.com.au/,https://www.openstreetmap.org/way/1149553936,2026-07-15,pending_review,Imported from OpenStreetMap.
Drumtek,"529-533 High Street, Northcote VIC 3070",musical-instrument,northcote,,+61 3 9482 5550,,https://www.openstreetmap.org/way/1149553937,2026-07-15,pending_review,Imported from OpenStreetMap.
Bodyworks Studio by Tanya,"49 Simpson Street, Northcote VIC 3070",beauty,northcote,,+61 3 9482 6084,,https://www.openstreetmap.org/way/1224946141,2026-07-15,pending_review,Imported from OpenStreetMap.
Statkus Architecture Pty Ltd,"51 Simpson Street, Northcote VIC 3070",architect,northcote,,+61 3 9482 2201,https://www.statkusarchitecture.com.au/,https://www.openstreetmap.org/way/1224946142,2026-07-15,pending_review,Imported from OpenStreetMap.
Aruna Psychology,"59 Simpson Street, Northcote VIC 3070",doctors,northcote,,,https://www.arunapsychology.com/,https://www.openstreetmap.org/way/1224946146,2026-07-15,pending_review,Imported from OpenStreetMap.
Twisted Vine,98 Miller Street,alcohol,darebin,,+61 3 9480 1179,https://www.twistedvinewines.com.au/,https://www.openstreetmap.org/way/1236511853,2026-07-15,pending_review,Imported from OpenStreetMap.
Pack and Send Couriers,"100 Miller Street, VIC 3072",yes,darebin,,,https://www.packsend.com.au/couriers-victoria/couriers-preston/,https://www.openstreetmap.org/way/1236513721,2026-07-15,pending_review,Imported from OpenStreetMap.
What Froggy Bakes,"333 Murray Road, Preston VIC 3072",caterer,preston,,,https://whatfroggybakes.com.au/,https://www.openstreetmap.org/way/1246043767,2026-07-15,pending_review,Imported from OpenStreetMap.
Tender Trap Studios,"37 Cunningham Street, Northcote VIC 3070",studio,northcote,info@tendertrapstudios.com.au,+61 3 9481 0719,https://www.tendertrapstudios.com.au/,https://www.openstreetmap.org/way/1253535612,2026-07-15,pending_review,Imported from OpenStreetMap.
Kif & Katast,"39 Cunningham Street, Northcote VIC 3070",houseware,northcote,kif@kifandkatast.com.au,+61 3 9489 0385,https://kifandkatast.com.au/,https://www.openstreetmap.org/way/1253535613,2026-07-15,pending_review,Imported from OpenStreetMap.
Plush,"19-33 Murray Road, Preston VIC 3072",furniture,preston,preston@plush.com.au,+61 3 9470 5200,https://www.plush.com.au/,https://www.openstreetmap.org/way/1259661990,2026-07-15,pending_review,Imported from OpenStreetMap.
Focus on Furniture,"19-33 Murray Road, Preston VIC 3072",furniture,preston,,,,https://www.openstreetmap.org/way/1259661991,2026-07-15,pending_review,Imported from OpenStreetMap.
Snooze,"19-33 Murray Road, Preston VIC 3072",bed,preston,,,,https://www.openstreetmap.org/way/1259661992,2026-07-15,pending_review,Imported from OpenStreetMap.
Catalano Interiors,"19-33 Murray Road, Preston VIC 3072",furniture,preston,,,,https://www.openstreetmap.org/way/1259661993,2026-07-15,pending_review,Imported from OpenStreetMap.
Gatsby Living,"19-33 Murray Road, Preston VIC 3072",furniture,preston,,,,https://www.openstreetmap.org/way/1259661994,2026-07-15,pending_review,Imported from OpenStreetMap.
Freedom,"19-33 Murray Road, Preston VIC 3072",furniture,preston,,,,https://www.openstreetmap.org/way/1259661995,2026-07-15,pending_review,Imported from OpenStreetMap.
OZ Design Furniture,"19-33 Murray Road, Preston VIC 3072",furniture,preston,,,,https://www.openstreetmap.org/way/1259661996,2026-07-15,pending_review,Imported from OpenStreetMap.
Beds n Dreams,"19-33 Murray Road, Preston VIC 3072",bed,preston,,,,https://www.openstreetmap.org/way/1259661997,2026-07-15,pending_review,Imported from OpenStreetMap.
Early Settler,"19-33 Murray Road, Preston VIC 3072",furniture,preston,,,,https://www.openstreetmap.org/way/1259661998,2026-07-15,pending_review,Imported from OpenStreetMap.
Fair Price Furniture,"19-33 Murray Road, Preston VIC 3072",furniture,preston,,,,https://www.openstreetmap.org/way/1259661999,2026-07-15,pending_review,Imported from OpenStreetMap.
Bedshed,"19-33 Murray Road, Preston VIC 3072",bed,preston,,,,https://www.openstreetmap.org/way/1259662000,2026-07-15,pending_review,Imported from OpenStreetMap.
Elite Furniture,"19-33 Murray Road, Preston VIC 3072",furniture,preston,,,,https://www.openstreetmap.org/way/1259662001,2026-07-15,pending_review,Imported from OpenStreetMap.
Christmas Elves,"10 Gower Street, Preston VIC 3072",christmas,preston,,,,https://www.openstreetmap.org/way/1259662002,2026-07-15,pending_review,Imported from OpenStreetMap.
Bevmarks,"19-33 Murray Road, Preston VIC 3072",bed,preston,,,,https://www.openstreetmap.org/way/1259662003,2026-07-15,pending_review,Imported from OpenStreetMap.
Fantastic Furniture,"19-33 Murray Road, Preston VIC 3072",furniture,preston,,,,https://www.openstreetmap.org/way/1259662004,2026-07-15,pending_review,Imported from OpenStreetMap.
The Good Guys,"19-33 Murray Road, Preston VIC 3072",electronics,preston,,,,https://www.openstreetmap.org/way/1259662005,2026-07-15,pending_review,Imported from OpenStreetMap.
James Lane/Sleeping Giant,"19-33 Murray Road, Preston VIC 3072",bed,preston,,,,https://www.openstreetmap.org/way/1259662006,2026-07-15,pending_review,Imported from OpenStreetMap.
Forty Winks,"19-33 Murray Road, Preston VIC 3072",bed,preston,,,,https://www.openstreetmap.org/way/1259662007,2026-07-15,pending_review,Imported from OpenStreetMap.
Beds For Backs,"19-33 Murray Road, Preston VIC 3072",bed,preston,,,,https://www.openstreetmap.org/way/1259662008,2026-07-15,pending_review,Imported from OpenStreetMap.
Pho Liem,"25 Enfield Avenue, Preston VIC 3072",restaurant,preston,,,,https://www.openstreetmap.org/way/1259679395,2026-07-15,pending_review,Imported from OpenStreetMap.
Amery Street Milk Bar,"13A Amery Street, Reservoir VIC 3073",convenience,reservoir,,+61 3 9460 9561,,https://www.openstreetmap.org/way/1302856158,2026-07-15,pending_review,Imported from OpenStreetMap.
Tyler's Milk Bar,656 Plenty Road,cafe,darebin,,+61 413 657 864,https://www.tylersmilkbar.com.au/,https://www.openstreetmap.org/way/1365100672,2026-07-15,pending_review,Imported from OpenStreetMap.
Themeda Theatre,,theatre,darebin,,,,https://www.openstreetmap.org/way/1415574326,2026-07-15,pending_review,Imported from OpenStreetMap.
Metro Zone,,convenience,darebin,,,,https://www.openstreetmap.org/way/1485152749,2026-07-15,pending_review,Imported from OpenStreetMap.